<environmentvariabledefinition schemaname="cinsight_TSLEstateTeam">
  <apiid>/providers/microsoft.powerapps/apis/shared_sharepointonline</apiid>
  <description default="This environment variable serves as the data source for Estate Manager ">
    <label description="This environment variable serves as the data source for Estate Manager " languagecode="1033" />
  </description>
  <displayname default="TSL Estate Team">
    <label description="TSL Estate Team" languagecode="1033" />
  </displayname>
  <introducedversion>1.0.1</introducedversion>
  <iscustomizable>1</iscustomizable>
  <isrequired>0</isrequired>
  <parameterkey>dataset</parameterkey>
  <secretstore>0</secretstore>
  <type>100000004</type>
</environmentvariabledefinition>