<ImportExportXml xmlns:xsi="http://www.w3.org/2001/XMLSchema-instance">
  <Entities></Entities>
  <Roles></Roles>
  <Workflows>
    <Workflow WorkflowId="{0c3ac5ba-5df1-ed11-8848-000d3a2fdacf}" Name="poolVehicleNewTripUpdateSharePointList">
      <JsonFileName>/Workflows/poolVehicleNewTripUpdateSharePointList-0C3AC5BA-5DF1-ED11-8848-000D3A2FDACF.json</JsonFileName>
      <Type>1</Type>
      <Subprocess>0</Subprocess>
      <Category>5</Category>
      <Mode>0</Mode>
      <Scope>4</Scope>
      <OnDemand>0</OnDemand>
      <TriggerOnCreate>0</TriggerOnCreate>
      <TriggerOnDelete>0</TriggerOnDelete>
      <AsyncAutodelete>0</AsyncAutodelete>
      <SyncWorkflowLogOnFailure>0</SyncWorkflowLogOnFailure>
      <StateCode>1</StateCode>
      <StatusCode>2</StatusCode>
      <RunAs>1</RunAs>
      <IsTransacted>1</IsTransacted>
      <IntroducedVersion>1.0</IntroducedVersion>
      <IsCustomizable>1</IsCustomizable>
      <BusinessProcessType>0</BusinessProcessType>
      <IsCustomProcessingStepAllowedForOtherPublishers>1</IsCustomProcessingStepAllowedForOtherPublishers>
      <PrimaryEntity>none</PrimaryEntity>
      <LocalizedNames>
        <LocalizedName languagecode="1033" description="poolVehicleNewTripUpdateSharePointList" />
      </LocalizedNames>
    </Workflow>
    <Workflow WorkflowId="{f9fb9614-3ff3-ed11-8848-000d3a2fdacf}" Name="facilityMaintenanceUpdateSharePointList">
      <JsonFileName>/Workflows/facilityMaintenanceUpdateSharePointList-F9FB9614-3FF3-ED11-8848-000D3A2FDACF.json</JsonFileName>
      <Type>1</Type>
      <Subprocess>0</Subprocess>
      <Category>5</Category>
      <Mode>0</Mode>
      <Scope>4</Scope>
      <OnDemand>0</OnDemand>
      <TriggerOnCreate>0</TriggerOnCreate>
      <TriggerOnDelete>0</TriggerOnDelete>
      <AsyncAutodelete>0</AsyncAutodelete>
      <SyncWorkflowLogOnFailure>0</SyncWorkflowLogOnFailure>
      <StateCode>1</StateCode>
      <StatusCode>2</StatusCode>
      <RunAs>1</RunAs>
      <IsTransacted>1</IsTransacted>
      <IntroducedVersion>1.0</IntroducedVersion>
      <IsCustomizable>1</IsCustomizable>
      <BusinessProcessType>0</BusinessProcessType>
      <IsCustomProcessingStepAllowedForOtherPublishers>1</IsCustomProcessingStepAllowedForOtherPublishers>
      <PrimaryEntity>none</PrimaryEntity>
      <LocalizedNames>
        <LocalizedName languagecode="1033" description="facilityMaintenanceUpdateSharePointList" />
      </LocalizedNames>
    </Workflow>
    <Workflow WorkflowId="{e5da4b77-50f9-ed11-8848-000d3a2fdacf}" Name="TripExtensionUpdateSharePoint">
      <JsonFileName>/Workflows/TripExtensionUpdateSharePoint-E5DA4B77-50F9-ED11-8848-000D3A2FDACF.json</JsonFileName>
      <Type>1</Type>
      <Subprocess>0</Subprocess>
      <Category>5</Category>
      <Mode>0</Mode>
      <Scope>4</Scope>
      <OnDemand>0</OnDemand>
      <TriggerOnCreate>0</TriggerOnCreate>
      <TriggerOnDelete>0</TriggerOnDelete>
      <AsyncAutodelete>0</AsyncAutodelete>
      <SyncWorkflowLogOnFailure>0</SyncWorkflowLogOnFailure>
      <StateCode>1</StateCode>
      <StatusCode>2</StatusCode>
      <RunAs>1</RunAs>
      <IsTransacted>1</IsTransacted>
      <IntroducedVersion>1.0</IntroducedVersion>
      <IsCustomizable>1</IsCustomizable>
      <BusinessProcessType>0</BusinessProcessType>
      <IsCustomProcessingStepAllowedForOtherPublishers>1</IsCustomProcessingStepAllowedForOtherPublishers>
      <PrimaryEntity>none</PrimaryEntity>
      <LocalizedNames>
        <LocalizedName languagecode="1033" description="TripExtensionUpdateSharePoint" />
      </LocalizedNames>
    </Workflow>
    <Workflow WorkflowId="{a8bcdb27-10fa-ed11-8848-000d3a2fdacf}" Name="facilityIssueUpdateSharePoint">
      <JsonFileName>/Workflows/facilityIssueUpdateSharePoint-A8BCDB27-10FA-ED11-8848-000D3A2FDACF.json</JsonFileName>
      <Type>1</Type>
      <Subprocess>0</Subprocess>
      <Category>5</Category>
      <Mode>0</Mode>
      <Scope>4</Scope>
      <OnDemand>0</OnDemand>
      <TriggerOnCreate>0</TriggerOnCreate>
      <TriggerOnDelete>0</TriggerOnDelete>
      <AsyncAutodelete>0</AsyncAutodelete>
      <SyncWorkflowLogOnFailure>0</SyncWorkflowLogOnFailure>
      <StateCode>1</StateCode>
      <StatusCode>2</StatusCode>
      <RunAs>1</RunAs>
      <IsTransacted>1</IsTransacted>
      <IntroducedVersion>1.0</IntroducedVersion>
      <IsCustomizable>1</IsCustomizable>
      <BusinessProcessType>0</BusinessProcessType>
      <IsCustomProcessingStepAllowedForOtherPublishers>1</IsCustomProcessingStepAllowedForOtherPublishers>
      <PrimaryEntity>none</PrimaryEntity>
      <LocalizedNames>
        <LocalizedName languagecode="1033" description="facilityIssueUpdateSharePoint" />
      </LocalizedNames>
    </Workflow>
    <Workflow WorkflowId="{b293df08-a6fb-ed11-8848-000d3a2fdacf}" Name="guestHouseBookingUpdateSharePointList">
      <JsonFileName>/Workflows/guestHouseBookingUpdateSharePointList-B293DF08-A6FB-ED11-8848-000D3A2FDACF.json</JsonFileName>
      <Type>1</Type>
      <Subprocess>0</Subprocess>
      <Category>5</Category>
      <Mode>0</Mode>
      <Scope>4</Scope>
      <OnDemand>0</OnDemand>
      <TriggerOnCreate>0</TriggerOnCreate>
      <TriggerOnDelete>0</TriggerOnDelete>
      <AsyncAutodelete>0</AsyncAutodelete>
      <SyncWorkflowLogOnFailure>0</SyncWorkflowLogOnFailure>
      <StateCode>1</StateCode>
      <StatusCode>2</StatusCode>
      <RunAs>1</RunAs>
      <IsTransacted>1</IsTransacted>
      <IntroducedVersion>1.0</IntroducedVersion>
      <IsCustomizable>1</IsCustomizable>
      <BusinessProcessType>0</BusinessProcessType>
      <IsCustomProcessingStepAllowedForOtherPublishers>1</IsCustomProcessingStepAllowedForOtherPublishers>
      <PrimaryEntity>none</PrimaryEntity>
      <LocalizedNames>
        <LocalizedName languagecode="1033" description="guestHouseBookingUpdateSharePointList" />
      </LocalizedNames>
    </Workflow>
    <Workflow WorkflowId="{b884dd17-aefb-ed11-8848-000d3a2fdacf}" Name="closeOutUpdateSharePointList">
      <JsonFileName>/Workflows/closeOutUpdateSharePointList-B884DD17-AEFB-ED11-8848-000D3A2FDACF.json</JsonFileName>
      <Type>1</Type>
      <Subprocess>0</Subprocess>
      <Category>5</Category>
      <Mode>0</Mode>
      <Scope>4</Scope>
      <OnDemand>0</OnDemand>
      <TriggerOnCreate>0</TriggerOnCreate>
      <TriggerOnDelete>0</TriggerOnDelete>
      <AsyncAutodelete>0</AsyncAutodelete>
      <SyncWorkflowLogOnFailure>0</SyncWorkflowLogOnFailure>
      <StateCode>1</StateCode>
      <StatusCode>2</StatusCode>
      <RunAs>1</RunAs>
      <IsTransacted>1</IsTransacted>
      <IntroducedVersion>1.0</IntroducedVersion>
      <IsCustomizable>1</IsCustomizable>
      <BusinessProcessType>0</BusinessProcessType>
      <IsCustomProcessingStepAllowedForOtherPublishers>1</IsCustomProcessingStepAllowedForOtherPublishers>
      <PrimaryEntity>none</PrimaryEntity>
      <LocalizedNames>
        <LocalizedName languagecode="1033" description="closeOutUpdateSharePointList" />
      </LocalizedNames>
    </Workflow>
    <Workflow WorkflowId="{fcf722f6-1d2d-ee11-bdf4-000d3a2fdacf}" Name="closeOutSendNotificationService_EstateManager" Description="Send yourself or someone else a customized email whenever a new item is added to a selected SharePoint list.">
      <JsonFileName>/Workflows/closeOutSendNotificationService_EstateManager-FCF722F6-1D2D-EE11-BDF4-000D3A2FDACF.json</JsonFileName>
      <Type>1</Type>
      <Subprocess>0</Subprocess>
      <Category>5</Category>
      <Mode>0</Mode>
      <Scope>4</Scope>
      <OnDemand>0</OnDemand>
      <TriggerOnCreate>0</TriggerOnCreate>
      <TriggerOnDelete>0</TriggerOnDelete>
      <AsyncAutodelete>0</AsyncAutodelete>
      <SyncWorkflowLogOnFailure>0</SyncWorkflowLogOnFailure>
      <StateCode>1</StateCode>
      <StatusCode>2</StatusCode>
      <RunAs>1</RunAs>
      <IsTransacted>1</IsTransacted>
      <IntroducedVersion>1.0.0</IntroducedVersion>
      <IsCustomizable>1</IsCustomizable>
      <BusinessProcessType>0</BusinessProcessType>
      <IsCustomProcessingStepAllowedForOtherPublishers>1</IsCustomProcessingStepAllowedForOtherPublishers>
      <PrimaryEntity>none</PrimaryEntity>
      <LocalizedNames>
        <LocalizedName languagecode="1033" description="closeOutSendNotificationService_EstateManager" />
      </LocalizedNames>
      <Descriptions>
        <Description languagecode="1033" description="Send yourself or someone else a customized email whenever a new item is added to a selected SharePoint list." />
      </Descriptions>
    </Workflow>
    <Workflow WorkflowId="{fef722f6-1d2d-ee11-bdf4-000d3a2fdacf}" Name="facilityMaintenanceService_EstateManager">
      <JsonFileName>/Workflows/facilityMaintenanceService_EstateManager-FEF722F6-1D2D-EE11-BDF4-000D3A2FDACF.json</JsonFileName>
      <Type>1</Type>
      <Subprocess>0</Subprocess>
      <Category>5</Category>
      <Mode>0</Mode>
      <Scope>4</Scope>
      <OnDemand>0</OnDemand>
      <TriggerOnCreate>0</TriggerOnCreate>
      <TriggerOnDelete>0</TriggerOnDelete>
      <AsyncAutodelete>0</AsyncAutodelete>
      <SyncWorkflowLogOnFailure>0</SyncWorkflowLogOnFailure>
      <StateCode>1</StateCode>
      <StatusCode>2</StatusCode>
      <RunAs>1</RunAs>
      <IsTransacted>1</IsTransacted>
      <IntroducedVersion>1.0.0</IntroducedVersion>
      <IsCustomizable>1</IsCustomizable>
      <BusinessProcessType>0</BusinessProcessType>
      <IsCustomProcessingStepAllowedForOtherPublishers>1</IsCustomProcessingStepAllowedForOtherPublishers>
      <PrimaryEntity>none</PrimaryEntity>
      <LocalizedNames>
        <LocalizedName languagecode="1033" description="facilityMaintenanceService_EstateManager" />
      </LocalizedNames>
    </Workflow>
    <Workflow WorkflowId="{fff722f6-1d2d-ee11-bdf4-000d3a2fdacf}" Name="tripExtensionPoolVehicleService_EstateManager">
      <JsonFileName>/Workflows/tripExtensionPoolVehicleService_EstateManager-FFF722F6-1D2D-EE11-BDF4-000D3A2FDACF.json</JsonFileName>
      <Type>1</Type>
      <Subprocess>0</Subprocess>
      <Category>5</Category>
      <Mode>0</Mode>
      <Scope>4</Scope>
      <OnDemand>0</OnDemand>
      <TriggerOnCreate>0</TriggerOnCreate>
      <TriggerOnDelete>0</TriggerOnDelete>
      <AsyncAutodelete>0</AsyncAutodelete>
      <SyncWorkflowLogOnFailure>0</SyncWorkflowLogOnFailure>
      <StateCode>1</StateCode>
      <StatusCode>2</StatusCode>
      <RunAs>1</RunAs>
      <IsTransacted>1</IsTransacted>
      <IntroducedVersion>1.0.0</IntroducedVersion>
      <IsCustomizable>1</IsCustomizable>
      <BusinessProcessType>0</BusinessProcessType>
      <IsCustomProcessingStepAllowedForOtherPublishers>1</IsCustomProcessingStepAllowedForOtherPublishers>
      <PrimaryEntity>none</PrimaryEntity>
      <LocalizedNames>
        <LocalizedName languagecode="1033" description="tripExtensionPoolVehicleService_EstateManager" />
      </LocalizedNames>
    </Workflow>
    <Workflow WorkflowId="{fdf722f6-1d2d-ee11-bdf4-000d3a2fdacf}" Name="guestHouseBookingService_EstateManager">
      <JsonFileName>/Workflows/guestHouseBookingService_EstateManager-FDF722F6-1D2D-EE11-BDF4-000D3A2FDACF.json</JsonFileName>
      <Type>1</Type>
      <Subprocess>0</Subprocess>
      <Category>5</Category>
      <Mode>0</Mode>
      <Scope>4</Scope>
      <OnDemand>0</OnDemand>
      <TriggerOnCreate>0</TriggerOnCreate>
      <TriggerOnDelete>0</TriggerOnDelete>
      <AsyncAutodelete>0</AsyncAutodelete>
      <SyncWorkflowLogOnFailure>0</SyncWorkflowLogOnFailure>
      <StateCode>1</StateCode>
      <StatusCode>2</StatusCode>
      <RunAs>1</RunAs>
      <IsTransacted>1</IsTransacted>
      <IntroducedVersion>1.0.0</IntroducedVersion>
      <IsCustomizable>1</IsCustomizable>
      <BusinessProcessType>0</BusinessProcessType>
      <IsCustomProcessingStepAllowedForOtherPublishers>1</IsCustomProcessingStepAllowedForOtherPublishers>
      <PrimaryEntity>none</PrimaryEntity>
      <LocalizedNames>
        <LocalizedName languagecode="1033" description="guestHouseBookingService_EstateManager" />
      </LocalizedNames>
    </Workflow>
    <Workflow WorkflowId="{eff822f6-1d2d-ee11-bdf4-000d3a2fdacf}" Name="newTripPoolVehicleService_EstateManager">
      <JsonFileName>/Workflows/newTripPoolVehicleService_EstateManager-EFF822F6-1D2D-EE11-BDF4-000D3A2FDACF.json</JsonFileName>
      <Type>1</Type>
      <Subprocess>0</Subprocess>
      <Category>5</Category>
      <Mode>0</Mode>
      <Scope>4</Scope>
      <OnDemand>0</OnDemand>
      <TriggerOnCreate>0</TriggerOnCreate>
      <TriggerOnDelete>0</TriggerOnDelete>
      <AsyncAutodelete>0</AsyncAutodelete>
      <SyncWorkflowLogOnFailure>0</SyncWorkflowLogOnFailure>
      <StateCode>1</StateCode>
      <StatusCode>2</StatusCode>
      <RunAs>1</RunAs>
      <IsTransacted>1</IsTransacted>
      <IntroducedVersion>1.0.0</IntroducedVersion>
      <IsCustomizable>1</IsCustomizable>
      <BusinessProcessType>0</BusinessProcessType>
      <IsCustomProcessingStepAllowedForOtherPublishers>1</IsCustomProcessingStepAllowedForOtherPublishers>
      <PrimaryEntity>none</PrimaryEntity>
      <LocalizedNames>
        <LocalizedName languagecode="1033" description="newTripPoolVehicleService_EstateManager" />
      </LocalizedNames>
    </Workflow>
  </Workflows>
  <FieldSecurityProfiles></FieldSecurityProfiles>
  <Templates />
  <EntityMaps />
  <EntityRelationships />
  <OrganizationSettings />
  <optionsets />
  <CustomControls />
  <EntityDataProviders />
  <CanvasApps>
    <CanvasApp>
      <Name>crfbd_componentlibrary_43653</Name>
      <AppVersion>2023-05-05T09:28:56Z</AppVersion>
      <Status>Ready</Status>
      <CreatedByClientVersion>3.23041.11.0</CreatedByClientVersion>
      <MinClientVersion>3.23041.11.0</MinClientVersion>
      <Tags>{"primaryDeviceWidth":"640","primaryDeviceHeight":"640","supportsPortrait":"true","supportsLandscape":"true","primaryFormFactor":"Phone","publisherVersion":"3.23041.11","minimumRequiredApiVersion":"2.2.0","hasComponent":"true","hasUnlockedComponent":"true","isUnifiedRootApp":"false","sienaVersion":"20230415T192618Z-3.23041.11.0"}</Tags>
      <IsCdsUpgraded>0</IsCdsUpgraded>
      <GalleryItemId xsi:nil="true"></GalleryItemId>
      <BackgroundColor>rgba(255, 255, 255, 1)</BackgroundColor>
      <DisplayName>CapitalCore Web Component</DisplayName>
      <Description>This is a library of components created specifically for PowerApps applications.</Description>
      <CommitMessage></CommitMessage>
      <Publisher></Publisher>
      <AuthorizationReferences>[]</AuthorizationReferences>
      <ConnectionReferences>{}</ConnectionReferences>
      <DatabaseReferences>{}</DatabaseReferences>
      <CanConsumeAppPass>1</CanConsumeAppPass>
      <CanvasAppType>1</CanvasAppType>
      <BypassConsent>0</BypassConsent>
      <EmbeddedApp xsi:nil="true"></EmbeddedApp>
      <IntroducedVersion>1.0</IntroducedVersion>
      <CdsDependencies>{"cdsdependencies":[]}</CdsDependencies>
      <IsCustomizable>1</IsCustomizable>
      <BackgroundImageUri>/CanvasApps/crfbd_componentlibrary_43653_BackgroundImageUri</BackgroundImageUri>
      <DocumentUri>/CanvasApps/crfbd_componentlibrary_43653_DocumentUri.msapp</DocumentUri>
    </CanvasApp>
    <CanvasApp>
      <Name>ccol_estatemanager_2459d</Name>
      <AppVersion>2023-08-17T08:10:37Z</AppVersion>
      <Status>Ready</Status>
      <CreatedByClientVersion>3.23081.12.0</CreatedByClientVersion>
      <MinClientVersion>3.23081.12.0</MinClientVersion>
      <Tags>{"primaryDeviceWidth":"640","primaryDeviceHeight":"1136","supportsPortrait":"true","supportsLandscape":"true","primaryFormFactor":"Phone","publisherVersion":"3.23081.12","minimumRequiredApiVersion":"2.2.0","hasComponent":"true","hasUnlockedComponent":"true","isUnifiedRootApp":"false","sienaVersion":"20230817T072026Z-3.23081.12.0","showStatusBar":"false"}</Tags>
      <IsCdsUpgraded>0</IsCdsUpgraded>
      <GalleryItemId xsi:nil="true"></GalleryItemId>
      <BackgroundColor>rgba(255, 255, 255, 1)</BackgroundColor>
      <DisplayName>Estate Manager</DisplayName>
      <Description xsi:nil="true"></Description>
      <CommitMessage xsi:nil="true"></CommitMessage>
      <Publisher></Publisher>
      <AuthorizationReferences>[]</AuthorizationReferences>
      <ConnectionReferences>{"4dfea686-fa66-46a4-8065-eab928f846cf":{"id":"/providers/microsoft.powerapps/apis/shared_office365","displayName":"Office 365 Outlook","iconUri":"https://connectoricons-prod.azureedge.net/releases/v1.0.1649/1.0.1649.3368/office365/icon.png","dataSources":["Office365Outlook"],"dependencies":[],"dependents":[],"parameterHints":{},"parameterHintsV2":{},"isOnPremiseConnection":false,"bypassConsent":false,"dataSets":{},"apiTier":"Standard","actions":["SendEmailV2"]},"bb9005dc-bf69-4135-9ecb-ba765162a9a6":{"id":"/providers/microsoft.powerapps/apis/shared_logicflows","displayName":"Logic flows","iconUri":"https://connectoricons-prod.azureedge.net/releases/v1.0.1645/1.0.1645.3345/logicflows/icon.png","dataSources":["workOrderUpdateSharePointList"],"dependencies":["a2aef8e3-b5f8-4c5a-b6c2-5afe1a75d7a5"],"dependents":[],"parameterHints":{"workflowName":{"value":"37b5d3f2-7b2f-4a8a-bb6e-a85da614d73e"},"workflowEntityId":{"value":"f9fb9614-3ff3-ed11-8848-000d3a2fdacf"},"a2aef8e3-b5f8-4c5a-b6c2-5afe1a75d7a5":{"value":"shared_sharepointonline"}},"parameterHintsV2":{"workflowName":{"value":"37b5d3f2-7b2f-4a8a-bb6e-a85da614d73e"},"workflowEntityId":{"value":"f9fb9614-3ff3-ed11-8848-000d3a2fdacf"},"shared_sharepointonline":{"value":"a2aef8e3-b5f8-4c5a-b6c2-5afe1a75d7a5"}},"isOnPremiseConnection":false,"bypassConsent":false,"dataSets":{},"apiTier":"Standard","actions":["Run"]},"a2aef8e3-b5f8-4c5a-b6c2-5afe1a75d7a5":{"id":"/providers/microsoft.powerapps/apis/shared_sharepointonline","displayName":"SharePoint","iconUri":"https://connectoricons-prod.azureedge.net/u/shgogna/globalperconnector-train1/1.0.1639.3312/sharepointonline/icon.png","dataSources":[],"dependencies":[],"dependents":["bb9005dc-bf69-4135-9ecb-ba765162a9a6","25cc850c-c56b-40e6-9450-41f75ddad576","10b3d128-e14c-45c7-871a-db364d650c5a","7f5c6916-4116-4b8f-b85d-c5a327c6e2df","94226b61-5022-4e4f-bfb8-49650bf36f70"],"parameterHints":{},"parameterHintsV2":{},"isOnPremiseConnection":false,"bypassConsent":false,"dataSets":{},"apiTier":"Standard"},"25cc850c-c56b-40e6-9450-41f75ddad576":{"id":"/providers/microsoft.powerapps/apis/shared_logicflows","displayName":"Logic flows","iconUri":"https://connectoricons-prod.azureedge.net/releases/v1.0.1645/1.0.1645.3345/logicflows/icon.png","dataSources":["closeOutUpdateSharePointList"],"dependencies":["a2aef8e3-b5f8-4c5a-b6c2-5afe1a75d7a5"],"dependents":[],"parameterHints":{"workflowName":{"value":"bb80cc0d-509c-4d48-9e10-3eea504030c7"},"workflowEntityId":{"value":"b884dd17-aefb-ed11-8848-000d3a2fdacf"},"a2aef8e3-b5f8-4c5a-b6c2-5afe1a75d7a5":{"value":"shared_sharepointonline"}},"parameterHintsV2":{"workflowName":{"value":"bb80cc0d-509c-4d48-9e10-3eea504030c7"},"workflowEntityId":{"value":"b884dd17-aefb-ed11-8848-000d3a2fdacf"},"shared_sharepointonline":{"value":"a2aef8e3-b5f8-4c5a-b6c2-5afe1a75d7a5"}},"isOnPremiseConnection":false,"bypassConsent":false,"dataSets":{},"apiTier":"Standard","actions":["Run"]},"10b3d128-e14c-45c7-871a-db364d650c5a":{"id":"/providers/microsoft.powerapps/apis/shared_logicflows","displayName":"Logic flows","iconUri":"https://connectoricons-prod.azureedge.net/releases/v1.0.1645/1.0.1645.3345/logicflows/icon.png","dataSources":["TripExtensionUpdateSharePoint"],"dependencies":["a2aef8e3-b5f8-4c5a-b6c2-5afe1a75d7a5"],"dependents":[],"parameterHints":{"workflowName":{"value":"1f3d9789-95ec-4a46-9661-1d95be64b075"},"workflowEntityId":{"value":"e5da4b77-50f9-ed11-8848-000d3a2fdacf"},"a2aef8e3-b5f8-4c5a-b6c2-5afe1a75d7a5":{"value":"shared_sharepointonline"}},"parameterHintsV2":{"workflowName":{"value":"1f3d9789-95ec-4a46-9661-1d95be64b075"},"workflowEntityId":{"value":"e5da4b77-50f9-ed11-8848-000d3a2fdacf"},"shared_sharepointonline":{"value":"a2aef8e3-b5f8-4c5a-b6c2-5afe1a75d7a5"}},"isOnPremiseConnection":false,"bypassConsent":false,"dataSets":{},"apiTier":"Standard","actions":["Run"]},"7f5c6916-4116-4b8f-b85d-c5a327c6e2df":{"id":"/providers/microsoft.powerapps/apis/shared_logicflows","displayName":"Logic flows","iconUri":"https://connectoricons-prod.azureedge.net/releases/v1.0.1645/1.0.1645.3345/logicflows/icon.png","dataSources":["poolVehicleNewTripUpdateSharePointList"],"dependencies":["a2aef8e3-b5f8-4c5a-b6c2-5afe1a75d7a5","1c2a294d-bacf-461c-8e33-578234b9eb48"],"dependents":[],"parameterHints":{"workflowName":{"value":"96cc25d6-0a8c-47cb-9651-a4384beb3b2d"},"workflowEntityId":{"value":"0c3ac5ba-5df1-ed11-8848-000d3a2fdacf"},"a2aef8e3-b5f8-4c5a-b6c2-5afe1a75d7a5":{"value":"shared_sharepointonline"},"1c2a294d-bacf-461c-8e33-578234b9eb48":{"value":"shared_office365_1"}},"parameterHintsV2":{"workflowName":{"value":"96cc25d6-0a8c-47cb-9651-a4384beb3b2d"},"workflowEntityId":{"value":"0c3ac5ba-5df1-ed11-8848-000d3a2fdacf"},"shared_sharepointonline":{"value":"a2aef8e3-b5f8-4c5a-b6c2-5afe1a75d7a5"},"shared_office365_1":{"value":"1c2a294d-bacf-461c-8e33-578234b9eb48"}},"isOnPremiseConnection":false,"bypassConsent":false,"dataSets":{},"apiTier":"Standard","actions":["Run"]},"1c2a294d-bacf-461c-8e33-578234b9eb48":{"id":"/providers/microsoft.powerapps/apis/shared_office365","displayName":"Office 365 Outlook","iconUri":"https://connectoricons-prod.azureedge.net/releases/v1.0.1649/1.0.1649.3368/office365/icon.png","dataSources":[],"dependencies":[],"dependents":["7f5c6916-4116-4b8f-b85d-c5a327c6e2df","94226b61-5022-4e4f-bfb8-49650bf36f70"],"parameterHints":{},"parameterHintsV2":{},"isOnPremiseConnection":false,"bypassConsent":false,"dataSets":{},"apiTier":"Standard"},"94226b61-5022-4e4f-bfb8-49650bf36f70":{"id":"/providers/microsoft.powerapps/apis/shared_logicflows","displayName":"Logic flows","iconUri":"https://connectoricons-prod.azureedge.net/releases/v1.0.1645/1.0.1645.3345/logicflows/icon.png","dataSources":["guestHouseBookingUpdateSharePointList"],"dependencies":["a2aef8e3-b5f8-4c5a-b6c2-5afe1a75d7a5","1c2a294d-bacf-461c-8e33-578234b9eb48"],"dependents":[],"parameterHints":{"workflowName":{"value":"a22a60aa-0160-4a48-86b9-5ea872788c47"},"workflowEntityId":{"value":"b293df08-a6fb-ed11-8848-000d3a2fdacf"},"a2aef8e3-b5f8-4c5a-b6c2-5afe1a75d7a5":{"value":"shared_sharepointonline"},"1c2a294d-bacf-461c-8e33-578234b9eb48":{"value":"shared_office365_1"}},"parameterHintsV2":{"workflowName":{"value":"a22a60aa-0160-4a48-86b9-5ea872788c47"},"workflowEntityId":{"value":"b293df08-a6fb-ed11-8848-000d3a2fdacf"},"shared_sharepointonline":{"value":"a2aef8e3-b5f8-4c5a-b6c2-5afe1a75d7a5"},"shared_office365_1":{"value":"1c2a294d-bacf-461c-8e33-578234b9eb48"}},"isOnPremiseConnection":false,"bypassConsent":false,"dataSets":{},"apiTier":"Standard","actions":["Run"]},"4fd1ffcf-36af-4a6d-9cdc-4eb2652a5ef7":{"id":"/providers/microsoft.powerapps/apis/shared_sharepointonline","displayName":"SharePoint","iconUri":"https://connectoricons-prod.azureedge.net/u/shgogna/globalperconnector-train1/1.0.1639.3312/sharepointonline/icon.png","dataSources":["New Trip Request","Facility Maintenance Request","Trip Extension Request","Support Close Out Request","Guest House Requests "],"dependencies":[],"dependents":[],"parameterHints":{},"parameterHintsV2":{},"isOnPremiseConnection":false,"bypassConsent":false,"dataSets":{"https://tsltransport.sharepoint.com/sites/TSLEstateTeam_cinsight_TSLEstateTeam":{"datasetOverride":{"name":"https://tsltransport.sharepoint.com/sites/TSLEstateTeam","environmentVariableName":"cinsight_TSLEstateTeam"},"dataSources":{"New Trip Request":{"tableName":"eab6a1b8-e848-4005-95d8-d0f36fa6f102","tableNameOverride":{"name":"eab6a1b8-e848-4005-95d8-d0f36fa6f102","environmentVariableName":"cinsight_NewTripRequest"}},"Facility Maintenance Request":{"tableName":"21205999-4ab4-49ff-b9b1-c33fd42a072e","tableNameOverride":{"name":"21205999-4ab4-49ff-b9b1-c33fd42a072e","environmentVariableName":"cinsight_FacilityMaintenanceRequest"}},"Trip Extension Request":{"tableName":"bc841195-39b1-4f6e-b983-93778c7b46ce","tableNameOverride":{"name":"bc841195-39b1-4f6e-b983-93778c7b46ce","environmentVariableName":"cinsight_TripExtensionRequest"}},"Support Close Out Request":{"tableName":"31be4d4e-68da-4b23-a8db-7e42c0040043","tableNameOverride":{"name":"31be4d4e-68da-4b23-a8db-7e42c0040043","environmentVariableName":"cinsight_SupportCloseOutRequest"}},"Guest House Requests ":{"tableName":"a9a16df0-d9c0-473d-9b7b-c41e6591c220","tableNameOverride":{"name":"a9a16df0-d9c0-473d-9b7b-c41e6591c220","environmentVariableName":"cinsight_GuestHouseRequests"}}}}},"apiTier":"Standard","actions":["providers/PowerPlatform.Governance/Operations/Read","providers/PowerPlatform.Governance/Operations/Write","providers/PowerPlatform.Governance/Operations/Delete"]}}</ConnectionReferences>
      <DatabaseReferences>{}</DatabaseReferences>
      <AppComponents>[]</AppComponents>
      <AppComponentDependencies>[{"appComponentName":"d889576cd2bb455b92480401356fb339","appName":"eb58a5e0-5282-4d87-b077-45af80365335","appComponentLibraryName":"83d2818a-d98d-486e-a75f-10e9c8bdd931","appComponentLibraryVersion":"2023-05-05T09:28:56Z","appComponentLibraryLogicalName":"crfbd_componentlibrary_43653","environmentName":"default-9cfc061d-de6e-4c54-87bd-1e019be81db0"},{"appComponentName":"e1c6bc3da9e74c10a34515c5975aaf6d","appName":"eb58a5e0-5282-4d87-b077-45af80365335","appComponentLibraryName":"83d2818a-d98d-486e-a75f-10e9c8bdd931","appComponentLibraryVersion":"2023-05-05T09:28:56Z","appComponentLibraryLogicalName":"crfbd_componentlibrary_43653","environmentName":"default-9cfc061d-de6e-4c54-87bd-1e019be81db0"}]</AppComponentDependencies>
      <CanConsumeAppPass>1</CanConsumeAppPass>
      <CanvasAppType>0</CanvasAppType>
      <BypassConsent>0</BypassConsent>
      <AdminControlBypassConsent>0</AdminControlBypassConsent>
      <EmbeddedApp xsi:nil="true"></EmbeddedApp>
      <IntroducedVersion>1.0</IntroducedVersion>
      <CdsDependencies>{"cdsdependencies":[{"dependencyid":"f9fb9614-3ff3-ed11-8848-000d3a2fdacf","componenttype":29,"componenttypeplatformname":"Workflow"},{"dependencyid":"b884dd17-aefb-ed11-8848-000d3a2fdacf","componenttype":29,"componenttypeplatformname":"Workflow"},{"dependencyid":"e5da4b77-50f9-ed11-8848-000d3a2fdacf","componenttype":29,"componenttypeplatformname":"Workflow"},{"dependencyid":"0c3ac5ba-5df1-ed11-8848-000d3a2fdacf","componenttype":29,"componenttypeplatformname":"Workflow"},{"dependencyid":"b293df08-a6fb-ed11-8848-000d3a2fdacf","componenttype":29,"componenttypeplatformname":"Workflow"},{"logicalname":"cinsight_TSLEstateTeam","componenttype":380,"componenttypeplatformname":"EnvironmentVariableDefinition"},{"logicalname":"cinsight_NewTripRequest","componenttype":380,"componenttypeplatformname":"EnvironmentVariableDefinition"},{"logicalname":"cinsight_FacilityMaintenanceRequest","componenttype":380,"componenttypeplatformname":"EnvironmentVariableDefinition"},{"logicalname":"cinsight_TripExtensionRequest","componenttype":380,"componenttypeplatformname":"EnvironmentVariableDefinition"},{"logicalname":"cinsight_SupportCloseOutRequest","componenttype":380,"componenttypeplatformname":"EnvironmentVariableDefinition"},{"logicalname":"cinsight_GuestHouseRequests","componenttype":380,"componenttypeplatformname":"EnvironmentVariableDefinition"},{"logicalname":"crfbd_componentlibrary_43653","componenttype":300,"componenttypeplatformname":"CanvasApp"}]}</CdsDependencies>
      <IsCustomizable>1</IsCustomizable>
      <BackgroundImageUri>/CanvasApps/ccol_estatemanager_2459d_BackgroundImageUri</BackgroundImageUri>
      <DocumentUri>/CanvasApps/ccol_estatemanager_2459d_DocumentUri.msapp</DocumentUri>
    </CanvasApp>
  </CanvasApps>
  <connectionreferences>
    <connectionreference connectionreferencelogicalname="cinsight_sharedapprovals_25f2d">
      <connectionreferencedisplayname>Approvals EstateManager-25f2d</connectionreferencedisplayname>
      <connectorid>/providers/Microsoft.PowerApps/apis/shared_approvals</connectorid>
      <iscustomizable>1</iscustomizable>
      <statecode>0</statecode>
      <statuscode>1</statuscode>
    </connectionreference>
    <connectionreference connectionreferencelogicalname="cinsight_sharedoffice365_3df06">
      <connectionreferencedisplayname>Office 365 Outlook EstateManager-3df06</connectionreferencedisplayname>
      <connectorid>/providers/Microsoft.PowerApps/apis/shared_office365</connectorid>
      <iscustomizable>1</iscustomizable>
      <statecode>0</statecode>
      <statuscode>1</statuscode>
    </connectionreference>
    <connectionreference connectionreferencelogicalname="cinsight_sharedoffice365_560ed">
      <connectionreferencedisplayname>Office 365 Outlook EstateManager-560ed</connectionreferencedisplayname>
      <connectorid>/providers/Microsoft.PowerApps/apis/shared_office365</connectorid>
      <iscustomizable>1</iscustomizable>
      <statecode>0</statecode>
      <statuscode>1</statuscode>
    </connectionreference>
    <connectionreference connectionreferencelogicalname="cinsight_sharedoffice365_96c71">
      <connectionreferencedisplayname>Office 365 Outlook EstateManager-96c71</connectionreferencedisplayname>
      <connectorid>/providers/Microsoft.PowerApps/apis/shared_office365</connectorid>
      <iscustomizable>1</iscustomizable>
      <statecode>0</statecode>
      <statuscode>1</statuscode>
    </connectionreference>
    <connectionreference connectionreferencelogicalname="cinsight_sharedsharepointonline_fb3fb">
      <connectionreferencedisplayname>SharePoint EstateManager-fb3fb</connectionreferencedisplayname>
      <connectorid>/providers/Microsoft.PowerApps/apis/shared_sharepointonline</connectorid>
      <iscustomizable>1</iscustomizable>
      <statecode>0</statecode>
      <statuscode>1</statuscode>
    </connectionreference>
    <connectionreference connectionreferencelogicalname="new_sharedoffice365_03a01">
      <connectionreferencedisplayname>Office 365 Outlook</connectionreferencedisplayname>
      <connectorid>/providers/Microsoft.PowerApps/apis/shared_office365</connectorid>
      <iscustomizable>1</iscustomizable>
      <statecode>0</statecode>
      <statuscode>1</statuscode>
    </connectionreference>
    <connectionreference connectionreferencelogicalname="new_sharedsharepointonline_88627">
      <connectionreferencedisplayname>SharePoint</connectionreferencedisplayname>
      <connectorid>/providers/Microsoft.PowerApps/apis/shared_sharepointonline</connectorid>
      <iscustomizable>1</iscustomizable>
      <statecode>0</statecode>
      <statuscode>1</statuscode>
    </connectionreference>
  </connectionreferences>
  <Languages>
    <Language>1033</Language>
  </Languages>
</ImportExportXml>