<ImportExportXml version="9.2.23074.198" SolutionPackageVersion="9.2" languagecode="1033" generatedBy="CrmLive" xmlns:xsi="http://www.w3.org/2001/XMLSchema-instance">
  <SolutionManifest>
    <UniqueName>EstateManager</UniqueName>
    <LocalizedNames>
      <LocalizedName description="Estate Manager" languagecode="1033" />
    </LocalizedNames>
    <Descriptions />
    <Version>1.0.0</Version>
    <Managed>0</Managed>
    <Publisher>
      <UniqueName>cinsight</UniqueName>
      <LocalizedNames>
        <LocalizedName description="cInsight by CapitalCore" languagecode="1033" />
      </LocalizedNames>
      <Descriptions />
      <EMailAddress>hello@capitalcoreltd.com</EMailAddress>
      <SupportingWebsiteUrl>capitalcoreltd.com</SupportingWebsiteUrl>
      <CustomizationPrefix>cinsight</CustomizationPrefix>
      <CustomizationOptionValuePrefix>81259</CustomizationOptionValuePrefix>
      <Addresses>
        <Address>
          <AddressNumber>1</AddressNumber>
          <AddressTypeCode>1</AddressTypeCode>
          <City>Ilupeju, Lagos</City>
          <County xsi:nil="true"></County>
          <Country>Nigeria</Country>
          <Fax xsi:nil="true"></Fax>
          <FreightTermsCode xsi:nil="true"></FreightTermsCode>
          <ImportSequenceNumber xsi:nil="true"></ImportSequenceNumber>
          <Latitude xsi:nil="true"></Latitude>
          <Line1>1 Coker Road, Ilupeju, Lagos</Line1>
          <Line2 xsi:nil="true"></Line2>
          <Line3 xsi:nil="true"></Line3>
          <Longitude xsi:nil="true"></Longitude>
          <Name xsi:nil="true"></Name>
          <PostalCode>100234</PostalCode>
          <PostOfficeBox xsi:nil="true"></PostOfficeBox>
          <PrimaryContactName xsi:nil="true"></PrimaryContactName>
          <ShippingMethodCode>1</ShippingMethodCode>
          <StateOrProvince>Nigeria</StateOrProvince>
          <Telephone1>+234017006287</Telephone1>
          <Telephone2 xsi:nil="true"></Telephone2>
          <Telephone3 xsi:nil="true"></Telephone3>
          <TimeZoneRuleVersionNumber xsi:nil="true"></TimeZoneRuleVersionNumber>
          <UPSZone xsi:nil="true"></UPSZone>
          <UTCOffset xsi:nil="true"></UTCOffset>
          <UTCConversionTimeZoneCode xsi:nil="true"></UTCConversionTimeZoneCode>
        </Address>
        <Address>
          <AddressNumber>2</AddressNumber>
          <AddressTypeCode>1</AddressTypeCode>
          <City xsi:nil="true"></City>
          <County xsi:nil="true"></County>
          <Country xsi:nil="true"></Country>
          <Fax xsi:nil="true"></Fax>
          <FreightTermsCode xsi:nil="true"></FreightTermsCode>
          <ImportSequenceNumber xsi:nil="true"></ImportSequenceNumber>
          <Latitude xsi:nil="true"></Latitude>
          <Line1 xsi:nil="true"></Line1>
          <Line2 xsi:nil="true"></Line2>
          <Line3 xsi:nil="true"></Line3>
          <Longitude xsi:nil="true"></Longitude>
          <Name xsi:nil="true"></Name>
          <PostalCode xsi:nil="true"></PostalCode>
          <PostOfficeBox xsi:nil="true"></PostOfficeBox>
          <PrimaryContactName xsi:nil="true"></PrimaryContactName>
          <ShippingMethodCode>1</ShippingMethodCode>
          <StateOrProvince xsi:nil="true"></StateOrProvince>
          <Telephone1 xsi:nil="true"></Telephone1>
          <Telephone2 xsi:nil="true"></Telephone2>
          <Telephone3 xsi:nil="true"></Telephone3>
          <TimeZoneRuleVersionNumber xsi:nil="true"></TimeZoneRuleVersionNumber>
          <UPSZone xsi:nil="true"></UPSZone>
          <UTCOffset xsi:nil="true"></UTCOffset>
          <UTCConversionTimeZoneCode xsi:nil="true"></UTCConversionTimeZoneCode>
        </Address>
      </Addresses>
    </Publisher>
    <RootComponents>
      <RootComponent type="29" id="{0c3ac5ba-5df1-ed11-8848-000d3a2fdacf}" behavior="0" />
      <RootComponent type="29" id="{a8bcdb27-10fa-ed11-8848-000d3a2fdacf}" behavior="0" />
      <RootComponent type="29" id="{b293df08-a6fb-ed11-8848-000d3a2fdacf}" behavior="0" />
      <RootComponent type="29" id="{b884dd17-aefb-ed11-8848-000d3a2fdacf}" behavior="0" />
      <RootComponent type="29" id="{e5da4b77-50f9-ed11-8848-000d3a2fdacf}" behavior="0" />
      <RootComponent type="29" id="{eff822f6-1d2d-ee11-bdf4-000d3a2fdacf}" behavior="0" />
      <RootComponent type="29" id="{f9fb9614-3ff3-ed11-8848-000d3a2fdacf}" behavior="0" />
      <RootComponent type="29" id="{fcf722f6-1d2d-ee11-bdf4-000d3a2fdacf}" behavior="0" />
      <RootComponent type="29" id="{fdf722f6-1d2d-ee11-bdf4-000d3a2fdacf}" behavior="0" />
      <RootComponent type="29" id="{fef722f6-1d2d-ee11-bdf4-000d3a2fdacf}" behavior="0" />
      <RootComponent type="29" id="{fff722f6-1d2d-ee11-bdf4-000d3a2fdacf}" behavior="0" />
      <RootComponent type="300" schemaName="ccol_estatemanager_2459d" behavior="0" />
      <RootComponent type="300" schemaName="crfbd_componentlibrary_43653" behavior="0" />
    </RootComponents>
    <MissingDependencies />
  </SolutionManifest>
</ImportExportXml>