<environmentvariabledefinition schemaname="cinsight_TripExtensionRequest">
  <apiid>/providers/microsoft.powerapps/apis/shared_sharepointonline</apiid>
  <description default="This environmental variable is for Estate Manager to manage trip extension requests">
    <label description="This environmental variable is for Estate Manager to manage trip extension requests" languagecode="1033" />
  </description>
  <displayname default="Trip Extension Request">
    <label description="Trip Extension Request" languagecode="1033" />
  </displayname>
  <introducedversion>1.0.1</introducedversion>
  <iscustomizable>1</iscustomizable>
  <isrequired>0</isrequired>
  <parameterkey>table</parameterkey>
  <parentdefinitionid>
    <schemaname>cinsight_TSLEstateTeam</schemaname>
  </parentdefinitionid>
  <secretstore>0</secretstore>
  <type>100000004</type>
</environmentvariabledefinition>