<environmentvariabledefinition schemaname="cinsight_FacilityIssueList">
  <apiid>/providers/microsoft.powerapps/apis/shared_sharepointonline</apiid>
  <description default="This manages facility issue requests for Estate Manager">
    <label description="This manages facility issue requests for Estate Manager" languagecode="1033" />
  </description>
  <displayname default="Facility Issue List">
    <label description="Facility Issue List" languagecode="1033" />
  </displayname>
  <introducedversion>1.0.0</introducedversion>
  <iscustomizable>1</iscustomizable>
  <isrequired>0</isrequired>
  <parameterkey>table</parameterkey>
  <parentdefinitionid>
    <schemaname>cinsight_TSLEstateTeam</schemaname>
  </parentdefinitionid>
  <secretstore>0</secretstore>
  <type>100000004</type>
</environmentvariabledefinition>