{
  "properties": {
    "connectionReferences": {
      "shared_sharepointonline": {
        "runtimeSource": "invoker",
        "connection": {
          "connectionReferenceLogicalName": "new_sharedsharepointonline_88627"
        },
        "api": {
          "name": "shared_sharepointonline"
        }
      }
    },
    "definition": {
      "$schema": "https://schema.management.azure.com/providers/Microsoft.Logic/schemas/2016-06-01/workflowdefinition.json#",
      "contentVersion": "1.0.0.0",
      "parameters": {
        "$connections": {
          "defaultValue": {},
          "type": "Object"
        },
        "$authentication": {
          "defaultValue": {},
          "type": "SecureObject"
        },
        "TSL Estate Team (cinsight_TSLEstateTeam)": {
          "defaultValue": "https://tsltransport.sharepoint.com/sites/TSLEstateTeam",
          "type": "String",
          "metadata": {
            "schemaName": "cinsight_TSLEstateTeam",
            "description": "This environment variable serves as the data source for Estate Manager "
          }
        },
        "Facility Maintenance Request (cinsight_FacilityMaintenanceRequest)": {
          "defaultValue": "21205999-4ab4-49ff-b9b1-c33fd42a072e",
          "type": "String",
          "metadata": {
            "schemaName": "cinsight_FacilityMaintenanceRequest",
            "description": "This environmental variable is for Estate Manager to manage facility issues"
          }
        },
        "Support Close Out Request (cinsight_SupportCloseOutRequest)": {
          "defaultValue": "31be4d4e-68da-4b23-a8db-7e42c0040043",
          "type": "String",
          "metadata": {
            "schemaName": "cinsight_SupportCloseOutRequest",
            "description": "This environmental variable is for Estate Manager to manage close out requests"
          }
        }
      },
      "triggers": {
        "manual": {
          "metadata": {
            "operationMetadataId": "e55b65b0-6f9c-4a90-a5ba-42026363a09a"
          },
          "type": "Request",
          "kind": "PowerApp",
          "inputs": {
            "schema": {
              "type": "object",
              "properties": {
                "Initializevariable-WorkOrderID_Value": {
                  "type": "string",
                  "description": "Enter initial value",
                  "x-ms-powerflows-param-ispartial": false
                },
                "Initializevariable-ActualCloseOutDate_Value": {
                  "type": "string",
                  "description": "Enter initial value",
                  "x-ms-powerflows-param-ispartial": false
                },
                "Initializevariable-CloseOutQTY_Value": {
                  "type": "integer",
                  "description": "Enter initial value",
                  "x-ms-powerflows-param-ispartial": false
                },
                "Initializevariable-Cost_Value": {
                  "type": "integer",
                  "description": "Enter initial value",
                  "x-ms-powerflows-param-ispartial": false
                },
                "Initializevariable-Limitation_Value": {
                  "type": "string",
                  "description": "Enter initial value",
                  "x-ms-powerflows-param-ispartial": false
                },
                "Initializevariable-JobDetails_Value": {
                  "type": "string",
                  "description": "Enter initial value",
                  "x-ms-powerflows-param-ispartial": false
                },
                "Initializevariable-Email_Value": {
                  "type": "string",
                  "description": "Enter initial value",
                  "x-ms-powerflows-param-ispartial": false
                }
              },
              "required": [
                "Initializevariable-WorkOrderID_Value",
                "Initializevariable-ActualCloseOutDate_Value",
                "Initializevariable-CloseOutQTY_Value",
                "Initializevariable-Cost_Value",
                "Initializevariable-Limitation_Value",
                "Initializevariable-JobDetails_Value",
                "Initializevariable-Email_Value"
              ]
            }
          }
        }
      },
      "actions": {
        "Initialize_variable_-_Work_Order_ID_": {
          "runAfter": {},
          "metadata": {
            "operationMetadataId": "8440d5f7-e238-4aa9-a015-6d2fc1c15fa6"
          },
          "type": "InitializeVariable",
          "inputs": {
            "variables": [
              {
                "name": "Work_Order_ID",
                "type": "string",
                "value": "@triggerBody()['Initializevariable-WorkOrderID_Value']"
              }
            ]
          }
        },
        "Initialize_variable_-_Actual_Close_Out_Date": {
          "runAfter": {
            "Initialize_variable_-_Work_Order_ID_": [
              "Succeeded"
            ]
          },
          "metadata": {
            "operationMetadataId": "2fd47740-3f89-474b-8d66-63140cc1d419"
          },
          "type": "InitializeVariable",
          "inputs": {
            "variables": [
              {
                "name": "Close_Out_Date",
                "type": "string",
                "value": "@{triggerBody()['Initializevariable-ActualCloseOutDate_Value']}"
              }
            ]
          }
        },
        "Initialize_variable_-_Close_Out_QTY": {
          "runAfter": {
            "Initialize_variable_-_Actual_Close_Out_Date": [
              "Succeeded"
            ]
          },
          "metadata": {
            "operationMetadataId": "d72ee156-e2aa-45b8-8ac6-0d43d0390175"
          },
          "type": "InitializeVariable",
          "inputs": {
            "variables": [
              {
                "name": "Close_Out_Qty",
                "type": "integer",
                "value": "@triggerBody()['Initializevariable-CloseOutQTY_Value']"
              }
            ]
          }
        },
        "Initialize_variable_-_Cost": {
          "runAfter": {
            "Initialize_variable_-_Close_Out_QTY": [
              "Succeeded"
            ]
          },
          "metadata": {
            "operationMetadataId": "4e1aaf8d-1934-40ab-8d2f-1f36762f644c"
          },
          "type": "InitializeVariable",
          "inputs": {
            "variables": [
              {
                "name": "Cost",
                "type": "integer",
                "value": "@triggerBody()['Initializevariable-Cost_Value']"
              }
            ]
          }
        },
        "Initialize_variable_-_Limitation": {
          "runAfter": {
            "Initialize_variable_-_Cost": [
              "Succeeded"
            ]
          },
          "metadata": {
            "operationMetadataId": "39b1e90e-8898-4d04-a727-03d525f46c8e"
          },
          "type": "InitializeVariable",
          "inputs": {
            "variables": [
              {
                "name": "Limitation",
                "type": "string",
                "value": "@{triggerBody()['Initializevariable-Limitation_Value']}"
              }
            ]
          }
        },
        "Initialize_variable_-_Job_Details": {
          "runAfter": {
            "Initialize_variable_-_Limitation": [
              "Succeeded"
            ]
          },
          "metadata": {
            "operationMetadataId": "5b30ff36-9874-4a65-9e63-90185bba77cf"
          },
          "type": "InitializeVariable",
          "inputs": {
            "variables": [
              {
                "name": "Job_Details",
                "type": "string",
                "value": "@{triggerBody()['Initializevariable-JobDetails_Value']}"
              }
            ]
          }
        },
        "Initialize_variable_-_Email": {
          "runAfter": {
            "Initialize_variable_-_Job_Details": [
              "Succeeded"
            ]
          },
          "metadata": {
            "operationMetadataId": "6516a7a0-467d-4fbc-a38b-5c9132ad15cb"
          },
          "type": "InitializeVariable",
          "inputs": {
            "variables": [
              {
                "name": "Email",
                "type": "string",
                "value": "@{triggerBody()['Initializevariable-Email_Value']}"
              }
            ]
          }
        },
        "Create_item": {
          "runAfter": {
            "Initialize_variable_-_Email": [
              "Succeeded"
            ]
          },
          "metadata": {
            "operationMetadataId": "620961b0-7f01-46f8-b025-596d9be9babe"
          },
          "type": "OpenApiConnection",
          "inputs": {
            "host": {
              "connectionName": "shared_sharepointonline",
              "operationId": "PostItem",
              "apiId": "/providers/Microsoft.PowerApps/apis/shared_sharepointonline"
            },
            "parameters": {
              "dataset": "@parameters('TSL Estate Team (cinsight_TSLEstateTeam)')",
              "table": "@parameters('Support Close Out Request (cinsight_SupportCloseOutRequest)')",
              "item/Title": "@variables('Email')",
              "item/RequestID": "@variables('Work_Order_ID')",
              "item/Cost": "@variables('Cost')",
              "item/JobDetails": "@variables('Job_Details')",
              "item/Limitation": "@variables('Limitation')",
              "item/ActualCloseDate": "@variables('Close_Out_Date')",
              "item/CloseOutQuantity": "@variables('Close_Out_Qty')"
            },
            "authentication": {
              "type": "Raw",
              "value": "@json(decodeBase64(triggerOutputs().headers['X-MS-APIM-Tokens']))['$ConnectionKey']"
            }
          }
        },
        "Initialize_variable_-id": {
          "runAfter": {
            "Get_items": [
              "Succeeded"
            ]
          },
          "metadata": {
            "operationMetadataId": "34bb1247-23c3-49b8-8c38-08b00eddd8c7"
          },
          "type": "InitializeVariable",
          "inputs": {
            "variables": [
              {
                "name": "WorkOrderID",
                "type": "string"
              }
            ]
          }
        },
        "Initialize_variable": {
          "runAfter": {
            "Initialize_variable_-id": [
              "Succeeded"
            ]
          },
          "metadata": {
            "operationMetadataId": "1af63cd7-2961-4c4f-9481-7738be1546c3"
          },
          "type": "InitializeVariable",
          "inputs": {
            "variables": [
              {
                "name": "SharePointID",
                "type": "string"
              }
            ]
          }
        },
        "Get_items": {
          "runAfter": {
            "Create_item": [
              "Succeeded"
            ]
          },
          "metadata": {
            "operationMetadataId": "26ba6c7a-eb5c-44d5-9b08-c63bde725d84"
          },
          "type": "OpenApiConnection",
          "inputs": {
            "host": {
              "connectionName": "shared_sharepointonline",
              "operationId": "GetItems",
              "apiId": "/providers/Microsoft.PowerApps/apis/shared_sharepointonline"
            },
            "parameters": {
              "dataset": "@parameters('TSL Estate Team (cinsight_TSLEstateTeam)')",
              "table": "@parameters('Facility Maintenance Request (cinsight_FacilityMaintenanceRequest)')"
            },
            "authentication": {
              "type": "Raw",
              "value": "@json(decodeBase64(triggerOutputs().headers['X-MS-APIM-Tokens']))['$ConnectionKey']"
            }
          }
        },
        "Apply_to_each_3": {
          "foreach": "@outputs('Get_items')?['body/value']",
          "actions": {
            "Set_variable_3": {
              "runAfter": {},
              "metadata": {
                "operationMetadataId": "27ccf6b1-3ca9-407d-88b0-b02df5067645"
              },
              "type": "SetVariable",
              "inputs": {
                "name": "WorkOrderID",
                "value": "@items('Apply_to_each_3')?['Estate_x0020_Service_x0020_Reque']"
              }
            },
            "Condition": {
              "actions": {
                "Set_variable_4": {
                  "runAfter": {},
                  "metadata": {
                    "operationMetadataId": "8e82ad1a-fead-4c35-a791-032277cae813"
                  },
                  "type": "SetVariable",
                  "inputs": {
                    "name": "SharePointID",
                    "value": "@{items('Apply_to_each_3')?['ID']}"
                  }
                },
                "Update_item_2": {
                  "runAfter": {
                    "Set_variable_4": [
                      "Succeeded"
                    ]
                  },
                  "metadata": {
                    "operationMetadataId": "f388aad2-9870-49e3-ac2d-f9e8f7e982bb"
                  },
                  "type": "OpenApiConnection",
                  "inputs": {
                    "host": {
                      "connectionName": "shared_sharepointonline",
                      "operationId": "PatchItem",
                      "apiId": "/providers/Microsoft.PowerApps/apis/shared_sharepointonline"
                    },
                    "parameters": {
                      "dataset": "@parameters('TSL Estate Team (cinsight_TSLEstateTeam)')",
                      "table": "@parameters('Support Close Out Request (cinsight_SupportCloseOutRequest)')",
                      "id": "@outputs('Create_item')?['body/ID']",
                      "item/Status/Value": "Open",
                      "item/Requester/Claims": "@variables('Email')"
                    },
                    "authentication": {
                      "type": "Raw",
                      "value": "@json(decodeBase64(triggerOutputs().headers['X-MS-APIM-Tokens']))['$ConnectionKey']"
                    }
                  }
                }
              },
              "runAfter": {
                "Set_variable_3": [
                  "Succeeded"
                ]
              },
              "expression": {
                "equals": [
                  "@variables('WorkOrderID')",
                  "@variables('Work_Order_ID')"
                ]
              },
              "metadata": {
                "operationMetadataId": "551ffff0-87b6-4225-9f14-50c6b8b5fbc0"
              },
              "type": "If"
            }
          },
          "runAfter": {
            "Initialize_variable": [
              "Succeeded"
            ]
          },
          "metadata": {
            "operationMetadataId": "dc56c226-0a1a-4f24-8aa1-98ad1bb195d5"
          },
          "type": "Foreach"
        }
      }
    },
    "templateName": ""
  },
  "schemaVersion": "1.0.0.0"
}