{
  "properties": {
    "connectionReferences": {
      "shared_sharepointonline": {
        "runtimeSource": "embedded",
        "connection": {
          "connectionReferenceLogicalName": "cinsight_sharedsharepointonline_fb3fb"
        },
        "api": {
          "name": "shared_sharepointonline"
        }
      },
      "shared_office365": {
        "runtimeSource": "embedded",
        "connection": {
          "connectionReferenceLogicalName": "cinsight_sharedoffice365_560ed"
        },
        "api": {
          "name": "shared_office365"
        }
      }
    },
    "definition": {
      "$schema": "https://schema.management.azure.com/providers/Microsoft.Logic/schemas/2016-06-01/workflowdefinition.json#",
      "contentVersion": "1.0.0.0",
      "parameters": {
        "$connections": {
          "defaultValue": {},
          "type": "Object"
        },
        "$authentication": {
          "defaultValue": {},
          "type": "SecureObject"
        },
        "sharepoint.site": {
          "defaultValue": "",
          "type": "String"
        },
        "sharepoint.list": {
          "defaultValue": "",
          "type": "String"
        },
        "TSL Estate Team (cinsight_TSLEstateTeam)": {
          "defaultValue": "https://tsltransport.sharepoint.com/sites/TSLEstateTeam",
          "type": "String",
          "metadata": {
            "schemaName": "cinsight_TSLEstateTeam",
            "description": "This environment variable serves as the data source for Estate Manager "
          }
        },
        "Support Close Out Request (cinsight_SupportCloseOutRequest)": {
          "defaultValue": "31be4d4e-68da-4b23-a8db-7e42c0040043",
          "type": "String",
          "metadata": {
            "schemaName": "cinsight_SupportCloseOutRequest",
            "description": "This environmental variable is for Estate Manager to manage close out requests"
          }
        }
      },
      "triggers": {
        "When_a_new_item_is_created": {
          "recurrence": {
            "interval": 5,
            "frequency": "Minute"
          },
          "splitOn": "@triggerBody()?.value",
          "metadata": {
            "flowSystemMetadata": {
              "swaggerOperationId": "GetOnNewItems"
            },
            "operationMetadataId": "ff573766-d74c-43d1-b4a6-29b352875f74"
          },
          "type": "ApiConnection",
          "inputs": {
            "host": {
              "connection": {
                "name": "@parameters('$connections')['shared_sharepointonline']['connectionId']"
              }
            },
            "method": "get",
            "path": "/datasets/@{encodeURIComponent(encodeURIComponent(parameters('TSL Estate Team (cinsight_TSLEstateTeam)')))}/tables/@{encodeURIComponent(encodeURIComponent(parameters('Support Close Out Request (cinsight_SupportCloseOutRequest)')))}/onnewitems",
            "authentication": "@parameters('$authentication')"
          },
          "conditions": []
        }
      },
      "actions": {
        "Get_item": {
          "runAfter": {},
          "metadata": {
            "operationMetadataId": "2f3cba46-aa49-4281-978e-76926941970a",
            "flowSystemMetadata": {
              "swaggerOperationId": "GetItem"
            }
          },
          "type": "ApiConnection",
          "inputs": {
            "host": {
              "connection": {
                "name": "@parameters('$connections')['shared_sharepointonline']['connectionId']"
              }
            },
            "method": "get",
            "path": "/datasets/@{encodeURIComponent(encodeURIComponent(parameters('TSL Estate Team (cinsight_TSLEstateTeam)')))}/tables/@{encodeURIComponent(encodeURIComponent(parameters('Support Close Out Request (cinsight_SupportCloseOutRequest)')))}/items/@{encodeURIComponent(triggerBody()?['ID'])}",
            "authentication": "@parameters('$authentication')"
          }
        },
        "Send_an_email_to_close_out_person": {
          "runAfter": {
            "Get_item": [
              "Succeeded"
            ]
          },
          "metadata": {
            "operationMetadataId": "051f0504-d519-49cd-b110-bf3303568c07",
            "flowSystemMetadata": {
              "swaggerOperationId": "SendEmailV2"
            }
          },
          "type": "ApiConnection",
          "inputs": {
            "host": {
              "connection": {
                "name": "@parameters('$connections')['shared_office365']['connectionId']"
              }
            },
            "method": "post",
            "body": {
              "To": "@body('Get_item')?['Author']?['Email']",
              "Subject": "Work Order Request Closure Notification ",
              "Body": "<p>Hi, @{body('Get_item')?['Author']?['DisplayName']}.<br>\n<br>\n<br>\nYou have successfully closed out the work order request with ID @{body('Get_item')?['RequestID']} by @{body('Get_item')?['Requester']?['DisplayName']}.<br>\n<br>\n<br>\nRegards,<br>\n<br>\nTSL Estate.<br>\n</p>",
              "Importance": "Normal"
            },
            "path": "/v2/Mail",
            "authentication": "@parameters('$authentication')"
          }
        },
        "Send_an_email_to_team": {
          "runAfter": {
            "Send_an_email_to_close_out_person": [
              "Succeeded"
            ]
          },
          "metadata": {
            "operationMetadataId": "b970f26f-f925-4265-a7f2-b855d29f7759",
            "flowSystemMetadata": {
              "swaggerOperationId": "SendEmailV2"
            }
          },
          "type": "ApiConnection",
          "inputs": {
            "host": {
              "connection": {
                "name": "@parameters('$connections')['shared_office365']['connectionId']"
              }
            },
            "method": "post",
            "body": {
              "To": "aoseragbaje@tsllimited.com;iosoria@tsllimited.com;cmadubuike@tsllimited.com;cibekwe@tsllimited.com;TSLEstateTeam@tsllimited.com",
              "Subject": "Work Order Request Closure Notification ",
              "Body": "<p>Hello, Team.<br>\n<br>\n<br>\nThe work order request with ID @{body('Get_item')?['RequestID']} created by @{body('Get_item')?['Requester']?['DisplayName']} has been closed out by @{body('Get_item')?['Author']?['DisplayName']}.<br>\n<br>\n<br>\n<br>\nRegards,<br>\n<br>\nTSL Estate.<br>\n</p>",
              "Importance": "Normal"
            },
            "path": "/v2/Mail",
            "authentication": "@parameters('$authentication')"
          }
        },
        "Update_item": {
          "runAfter": {
            "Send_an_email_to_team": [
              "Succeeded"
            ],
            "Send_an_email_to_work_order_requester": [
              "Succeeded"
            ]
          },
          "metadata": {
            "operationMetadataId": "eea195ad-3e5b-4b30-9a15-87419d281928",
            "flowSystemMetadata": {
              "swaggerOperationId": "PatchItem"
            }
          },
          "type": "ApiConnection",
          "inputs": {
            "host": {
              "connection": {
                "name": "@parameters('$connections')['shared_sharepointonline']['connectionId']"
              }
            },
            "method": "patch",
            "body": {
              "Status": {
                "Value": "Closed"
              }
            },
            "path": "/datasets/@{encodeURIComponent(encodeURIComponent(parameters('TSL Estate Team (cinsight_TSLEstateTeam)')))}/tables/@{encodeURIComponent(encodeURIComponent(parameters('Support Close Out Request (cinsight_SupportCloseOutRequest)')))}/items/@{encodeURIComponent(body('Get_item')?['ID'])}",
            "authentication": "@parameters('$authentication')"
          }
        },
        "Send_an_email_to_work_order_requester": {
          "runAfter": {
            "Get_item": [
              "Succeeded"
            ]
          },
          "metadata": {
            "operationMetadataId": "79d4a037-1750-4b8b-a64f-04e26285a069",
            "flowSystemMetadata": {
              "swaggerOperationId": "SendEmailV2"
            }
          },
          "type": "ApiConnection",
          "inputs": {
            "host": {
              "connection": {
                "name": "@parameters('$connections')['shared_office365']['connectionId']"
              }
            },
            "method": "post",
            "body": {
              "To": "@body('Get_item')?['Requester']?['Email']",
              "Subject": "Work Order Request has been Closed",
              "Body": "<p>Hi, @{triggerBody()?['Requester']?['DisplayName']}.<br>\n<br>\n<br>\nThis is to notify you that your work order request with ID @{body('Get_item')?['RequestID']} has been closed out successfully.<br>\n<br>\n<br>\nRegards,<br>\n<br>\nTSL Estate.<br>\n</p>",
              "Importance": "Normal"
            },
            "path": "/v2/Mail",
            "authentication": "@parameters('$authentication')"
          }
        }
      }
    },
    "templateName": "2bd714484de84d1391cb288208b9f609"
  },
  "schemaVersion": "1.0.0.0"
}