{
  "properties": {
    "connectionReferences": {
      "shared_office365_1": {
        "runtimeSource": "embedded",
        "connection": {
          "connectionReferenceLogicalName": "cinsight_sharedoffice365_96c71"
        },
        "api": {
          "name": "shared_office365"
        }
      },
      "shared_sharepointonline": {
        "runtimeSource": "embedded",
        "connection": {
          "connectionReferenceLogicalName": "cinsight_sharedsharepointonline_fb3fb"
        },
        "api": {
          "name": "shared_sharepointonline"
        }
      },
      "shared_approvals": {
        "runtimeSource": "embedded",
        "connection": {
          "connectionReferenceLogicalName": "cinsight_sharedapprovals_25f2d"
        },
        "api": {
          "name": "shared_approvals"
        }
      }
    },
    "definition": {
      "$schema": "https://schema.management.azure.com/providers/Microsoft.Logic/schemas/2016-06-01/workflowdefinition.json#",
      "contentVersion": "1.0.0.0",
      "parameters": {
        "$connections": {
          "defaultValue": {},
          "type": "Object"
        },
        "$authentication": {
          "defaultValue": {},
          "type": "SecureObject"
        },
        "TSL Estate Team (cinsight_TSLEstateTeam)": {
          "defaultValue": "https://tsltransport.sharepoint.com/sites/TSLEstateTeam",
          "type": "String",
          "metadata": {
            "schemaName": "cinsight_TSLEstateTeam",
            "description": "This environment variable serves as the data source for Estate Manager "
          }
        },
        "Facility Maintenance Request (cinsight_FacilityMaintenanceRequest)": {
          "defaultValue": "21205999-4ab4-49ff-b9b1-c33fd42a072e",
          "type": "String",
          "metadata": {
            "schemaName": "cinsight_FacilityMaintenanceRequest",
            "description": "This environmental variable is for Estate Manager to manage facility issues"
          }
        }
      },
      "triggers": {
        "When_an_item_is_created": {
          "recurrence": {
            "interval": 5,
            "frequency": "Minute"
          },
          "splitOn": "@triggerOutputs()?['body/value']",
          "metadata": {
            "operationMetadataId": "0bec36f7-14a8-42ac-8929-c488885638e1"
          },
          "type": "OpenApiConnection",
          "inputs": {
            "host": {
              "connectionName": "shared_sharepointonline",
              "operationId": "GetOnNewItems",
              "apiId": "/providers/Microsoft.PowerApps/apis/shared_sharepointonline"
            },
            "parameters": {
              "dataset": "@parameters('TSL Estate Team (cinsight_TSLEstateTeam)')",
              "table": "@parameters('Facility Maintenance Request (cinsight_FacilityMaintenanceRequest)')"
            },
            "authentication": "@parameters('$authentication')"
          }
        }
      },
      "actions": {
        "Send_an_email_to_requester": {
          "runAfter": {
            "Compose_Work_Order_Details": [
              "Succeeded"
            ]
          },
          "metadata": {
            "operationMetadataId": "037f8f39-7f2e-4bf4-bb97-08bb67b4793a"
          },
          "type": "OpenApiConnection",
          "inputs": {
            "host": {
              "connectionName": "shared_office365_1",
              "operationId": "SendEmailV2",
              "apiId": "/providers/Microsoft.PowerApps/apis/shared_office365"
            },
            "parameters": {
              "emailMessage/To": "@outputs('Get_item')?['body/EmailAddress']",
              "emailMessage/Subject": "Facility Maintenance Request Created Successfully ",
              "emailMessage/Body": "<p>Dear, <strong>&nbsp;</strong><strong>@{outputs('Get_item')?['body/LastName']}</strong><strong>.</strong><br>\n<br>\nWe are pleased to inform you that your facility maintenance request has been successfully created and is under review by TSL Estates.<br>\n<br>\nPlease find details of your request below:<br>\n<br>\nRequest ID: <strong></strong><strong>@{outputs('Get_item')?['body/Estate_x0020_Service_x0020_Reque']}</strong><strong>.<br>\n</strong>Full Name: <strong></strong><strong>@{outputs('Get_item')?['body/LastName']}</strong><strong>.</strong><br>\nWork Location: <strong></strong><strong>@{outputs('Get_item')?['body/WorkLocation/Value']}</strong><strong>.</strong><br>\nCategory: <strong></strong><strong>@{outputs('Get_item')?['body/CategoryofRequest/Value']}</strong><strong>.</strong><br>\nRequest Details: <strong></strong><strong>@{outputs('Get_item')?['body/RequestDetail']}</strong><strong>.</strong><br>\nRequested Date: <strong></strong><strong>@{outputs('Get_item')?['body/RequestDate']}</strong><strong>.</strong><br>\nClose-out Date: <strong></strong><strong>@{outputs('Get_item')?['body/PreferredCloseOutDate']}</strong><strong>.</strong><br>\n<br>\n<br>\nRegards,<br>\n<br>\nTSL Estate.</p>",
              "emailMessage/Importance": "Normal"
            },
            "authentication": "@parameters('$authentication')"
          }
        },
        "Get_item": {
          "runAfter": {},
          "metadata": {
            "operationMetadataId": "1985a3d4-6682-4feb-86c3-4d97e7e96b7c"
          },
          "type": "OpenApiConnection",
          "inputs": {
            "host": {
              "connectionName": "shared_sharepointonline",
              "operationId": "GetItem",
              "apiId": "/providers/Microsoft.PowerApps/apis/shared_sharepointonline"
            },
            "parameters": {
              "dataset": "@parameters('TSL Estate Team (cinsight_TSLEstateTeam)')",
              "table": "@parameters('Facility Maintenance Request (cinsight_FacilityMaintenanceRequest)')",
              "id": "@triggerOutputs()?['body/ID']"
            },
            "authentication": "@parameters('$authentication')"
          }
        },
        "Compose_Work_Order_Details": {
          "runAfter": {
            "Get_item": [
              "Succeeded"
            ]
          },
          "metadata": {
            "operationMetadataId": "62f82be0-26bc-43db-b515-da0b0b9b3303"
          },
          "type": "Compose",
          "inputs": "Dear, Team.\n\n@{outputs('Get_item')?['body/LastName']} has created a new facility maintenance request at @{outputs('Get_item')?['body/WorkLocation/Value']}.\n\nPlease see below the details of the request:\n\nFull Name: @{outputs('Get_item')?['body/LastName']}.\nWork Location: @{outputs('Get_item')?['body/WorkLocation/Value']}.\nCategory: @{outputs('Get_item')?['body/CategoryofRequest/Value']}.\nRequest Details: @{outputs('Get_item')?['body/RequestDetail']}.\nRequested Date: @{outputs('Get_item')?['body/RequestDate']}.\nClose-out Date: @{outputs('Get_item')?['body/PreferredCloseOutDate']}.\n\nRegards,\n\nTSL Estate.\n"
        },
        "Condition": {
          "actions": {
            "Inform_requester_of_approval": {
              "runAfter": {},
              "metadata": {
                "operationMetadataId": "20e33dba-8480-48fd-9a7a-727c795d4316"
              },
              "type": "OpenApiConnection",
              "inputs": {
                "host": {
                  "connectionName": "shared_office365_1",
                  "operationId": "SendEmailV2",
                  "apiId": "/providers/Microsoft.PowerApps/apis/shared_office365"
                },
                "parameters": {
                  "emailMessage/To": "@outputs('Get_item')?['body/EmailAddress']",
                  "emailMessage/Subject": "Facility Maintenance Request Has Been Approved",
                  "emailMessage/Body": "<p>Hello, @{outputs('Get_item')?['body/LastName']}.<br>\n<br>\nWe are pleased to inform you that your facility maintenance request has been approved.<br>\n<br>\nApproved by: @{variables('ApprovedBy')}.<br>\nApproval Comment: @{variables('Comment')}.<br>\n<br>\nN: B Your ID is @{outputs('Get_item')?['body/Estate_x0020_Service_x0020_Reque']}.<br>\n<br>\n<br>\nRegards,<br>\n<br>\nTSL Estate.</p>",
                  "emailMessage/Importance": "Normal"
                },
                "authentication": "@parameters('$authentication')"
              }
            },
            "Update_item_2": {
              "runAfter": {
                "Inform_requester_of_approval": [
                  "Succeeded"
                ]
              },
              "metadata": {
                "operationMetadataId": "b3751fc3-bfd3-4f26-83c3-4194005ba03e"
              },
              "type": "OpenApiConnection",
              "inputs": {
                "host": {
                  "connectionName": "shared_sharepointonline",
                  "operationId": "PatchItem",
                  "apiId": "/providers/Microsoft.PowerApps/apis/shared_sharepointonline"
                },
                "parameters": {
                  "dataset": "@parameters('TSL Estate Team (cinsight_TSLEstateTeam)')",
                  "table": "@parameters('Facility Maintenance Request (cinsight_FacilityMaintenanceRequest)')",
                  "id": "@outputs('Get_item')?['body/ID']",
                  "item/Status/Value": "Approved",
                  "item/Approver/Claims": "@variables('ApprovedBy')",
                  "item/Approval_x0020_Comment": "@variables('Comment')"
                },
                "authentication": "@parameters('$authentication')"
              }
            },
            "Inform_team_if_failed_2": {
              "runAfter": {
                "Update_item_2": [
                  "Failed"
                ]
              },
              "metadata": {
                "operationMetadataId": "20e33dba-8480-48fd-9a7a-727c795d4316"
              },
              "type": "OpenApiConnection",
              "inputs": {
                "host": {
                  "connectionName": "shared_office365_1",
                  "operationId": "SendEmailV2",
                  "apiId": "/providers/Microsoft.PowerApps/apis/shared_office365"
                },
                "parameters": {
                  "emailMessage/To": "aoseragbaje@tsllimited.com;iosoria@tsllimited.com;cmadubuike@tsllimited.com;cibekwe@tsllimited.com;TSLEstateTeam@tsllimited.com",
                  "emailMessage/Subject": "Failed Request: Unable to update the Approver and approval comment for the facility maintenance request with ID: @{outputs('Get_item')?['body/Estate_x0020_Service_x0020_Reque']}. ",
                  "emailMessage/Body": "<p>Hello, Team.<br>\n<br>\nThe approval details failed to be updated in the database after being approved. Find details of the facility maintenance request below:<br>\n<br>\nRequest ID: @{outputs('Get_item')?['body/WorkLocation/Value']}.<br>\nRequester: @{outputs('Get_item')?['body/LastName']}.<br>\nEmail Address: @{outputs('Get_item')?['body/EmailAddress']}.<br>\nRequest Details: @{outputs('Get_item')?['body/RequestDetail']}.<br>\nQuantity: @{outputs('Get_item')?['body/Quantity']}.<br>\nRequest Category: @{outputs('Get_item')?['body/CategoryofRequest/Value']}.<br>\nApproval Comment: @{variables('Comment')}.<br>\nApprover: @{variables('ApprovedBy')}.<br>\n<br>\n<br>\nFind flow link:<br>\n<br>\nhttps://make.powerautomate.com/environments/Default-9cfc061d-de6e-4c54-87bd-1e019be81db0/flows/44e7adac-123a-4791-8891-e6cc2e9ded56<br>\n<br>\n<br>\nRegards,<br>\n<br>\nTSL Estate.</p>",
                  "emailMessage/Cc": "heze@tsllimited.com",
                  "emailMessage/Importance": "Normal"
                },
                "authentication": "@parameters('$authentication')"
              }
            }
          },
          "runAfter": {
            "Apply_to_each_3": [
              "Succeeded"
            ]
          },
          "else": {
            "actions": {
              "Inform_requester_of_rejection": {
                "runAfter": {},
                "metadata": {
                  "operationMetadataId": "ec860c3f-4c1b-4440-9e50-d5423392305f"
                },
                "type": "OpenApiConnection",
                "inputs": {
                  "host": {
                    "connectionName": "shared_office365_1",
                    "operationId": "SendEmailV2",
                    "apiId": "/providers/Microsoft.PowerApps/apis/shared_office365"
                  },
                  "parameters": {
                    "emailMessage/To": "@outputs('Get_item')?['body/EmailAddress']",
                    "emailMessage/Subject": "Facility Maintenance Request Was Rejected",
                    "emailMessage/Body": "<p>Hello, @{outputs('Get_item')?['body/LastName']}.<br>\n<br>\nWe regret to inform you that your facility maintenance request was rejected.<br>\n<br>\nRejected by: @{variables('ApprovedBy')}.<br>\nHere is why: @{variables('Comment')}.<br>\n<br>\nN: B Your ID is @{outputs('Get_item')?['body/Estate_x0020_Service_x0020_Reque']}.<br>\n<br>\n<br>\nRegards,<br>\n<br>\nTSL Estate.</p>",
                    "emailMessage/Importance": "Normal"
                  },
                  "authentication": "@parameters('$authentication')"
                }
              },
              "Update_item_3": {
                "runAfter": {
                  "Inform_requester_of_rejection": [
                    "Succeeded"
                  ]
                },
                "metadata": {
                  "operationMetadataId": "b3d71b28-ec4b-47e4-91d4-be241ccf1df0"
                },
                "type": "OpenApiConnection",
                "inputs": {
                  "host": {
                    "connectionName": "shared_sharepointonline",
                    "operationId": "PatchItem",
                    "apiId": "/providers/Microsoft.PowerApps/apis/shared_sharepointonline"
                  },
                  "parameters": {
                    "dataset": "@parameters('TSL Estate Team (cinsight_TSLEstateTeam)')",
                    "table": "@parameters('Facility Maintenance Request (cinsight_FacilityMaintenanceRequest)')",
                    "id": "@outputs('Get_item')?['body/ID']",
                    "item/Status/Value": "Rejected",
                    "item/Approver/Claims": "@variables('ApprovedBy')",
                    "item/Approval_x0020_Comment": "@variables('Comment')"
                  },
                  "authentication": "@parameters('$authentication')"
                }
              },
              "Inform_team_if_failed": {
                "runAfter": {
                  "Update_item_3": [
                    "Failed"
                  ]
                },
                "metadata": {
                  "operationMetadataId": "20e33dba-8480-48fd-9a7a-727c795d4316"
                },
                "type": "OpenApiConnection",
                "inputs": {
                  "host": {
                    "connectionName": "shared_office365_1",
                    "operationId": "SendEmailV2",
                    "apiId": "/providers/Microsoft.PowerApps/apis/shared_office365"
                  },
                  "parameters": {
                    "emailMessage/To": "aoseragbaje@tsllimited.com;iosoria@tsllimited.com;cmadubuike@tsllimited.com;cibekwe@tsllimited.com;TSLEstateTeam@tsllimited.com",
                    "emailMessage/Subject": "Failed Request: Unable to update the Approver and approval comment for the facility maintenance request with ID: @{outputs('Get_item')?['body/Estate_x0020_Service_x0020_Reque']}. ",
                    "emailMessage/Body": "<p>Hello, Team.<br>\n<br>\nThe approval details failed to be updated in the database after being rejected. Find details of the facility maintenance request below:<br>\n<br>\nRequest ID: @{outputs('Get_item')?['body/WorkLocation/Value']}.<br>\nRequester: @{outputs('Get_item')?['body/LastName']}.<br>\nEmail Address: @{outputs('Get_item')?['body/EmailAddress']}.<br>\nRequest Details: @{outputs('Get_item')?['body/RequestDetail']}.<br>\nQuantity: @{outputs('Get_item')?['body/Quantity']}.<br>\nRequest Category: @{outputs('Get_item')?['body/CategoryofRequest/Value']}.<br>\nApproval Comment: @{variables('Comment')}.<br>\nApprover: @{variables('ApprovedBy')}.<br>\n<br>\n<br>\nFind the link to flow:<br>\n<br>\nhttps://make.powerautomate.com/environments/Default-9cfc061d-de6e-4c54-87bd-1e019be81db0/flows/44e7adac-123a-4791-8891-e6cc2e9ded56<br>\n<br>\n<br>\nRegards,<br>\n<br>\nTSL Estate.</p>",
                    "emailMessage/Cc": "heze@tsllimited.com",
                    "emailMessage/Importance": "Normal"
                  },
                  "authentication": "@parameters('$authentication')"
                }
              }
            }
          },
          "expression": {
            "equals": [
              "@outputs('Wait_for_an_approval')?['body/outcome']",
              "Approve"
            ]
          },
          "metadata": {
            "operationMetadataId": "e6676694-2992-4ea4-acf9-15b34f4f449c"
          },
          "type": "If"
        },
        "Create_an_approval_for_team_members": {
          "runAfter": {
            "Send_an_email_to_requester": [
              "Succeeded"
            ]
          },
          "metadata": {
            "operationMetadataId": "1d45fba9-7db1-46a3-b4df-a8c10bcba6de"
          },
          "type": "OpenApiConnection",
          "inputs": {
            "host": {
              "connectionName": "shared_approvals",
              "operationId": "CreateAnApproval",
              "apiId": "/providers/Microsoft.PowerApps/apis/shared_approvals"
            },
            "parameters": {
              "approvalType": "Basic",
              "ApprovalCreationInput/title": "New Facility Maintenance Request - @{outputs('Get_item')?['body/WorkLocation/Value']}",
              "ApprovalCreationInput/assignedTo": "aoseragbaje@tsllimited.com; iosoria@tsllimited.com; cmadubuike@tsllimited.com; cibekwe@tsllimited.com; heze@tsllimited.com;",
              "ApprovalCreationInput/details": "@outputs('Compose_Work_Order_Details')",
              "ApprovalCreationInput/requestor": "itadmin@tsllimited.com;",
              "ApprovalCreationInput/enableNotifications": true,
              "ApprovalCreationInput/enableReassignment": true
            },
            "authentication": "@parameters('$authentication')"
          }
        },
        "Wait_for_an_approval": {
          "runAfter": {
            "Apply_to_each_2": [
              "Succeeded"
            ]
          },
          "metadata": {
            "operationMetadataId": "04e2d798-addf-4656-a29a-bd9c787186e6"
          },
          "type": "OpenApiConnectionWebhook",
          "inputs": {
            "host": {
              "connectionName": "shared_approvals",
              "operationId": "WaitForAnApproval",
              "apiId": "/providers/Microsoft.PowerApps/apis/shared_approvals"
            },
            "parameters": {
              "approvalName": "@outputs('Create_an_approval_for_team_members')?['body/name']"
            },
            "authentication": "@parameters('$authentication')"
          }
        },
        "Initialize_variable": {
          "runAfter": {
            "Send_an_email_to_team_members_if_approval_failed": [
              "Skipped"
            ]
          },
          "metadata": {
            "operationMetadataId": "cfde23e8-2ce3-4c69-abe9-43851e5827b2"
          },
          "type": "InitializeVariable",
          "inputs": {
            "variables": [
              {
                "name": "Approver",
                "type": "string"
              }
            ]
          }
        },
        "Apply_to_each_2": {
          "foreach": "@outputs('Create_an_approval_for_team_members')?['body/approvers']",
          "actions": {
            "Set_variable": {
              "runAfter": {},
              "metadata": {
                "operationMetadataId": "0d7e56ce-077a-413f-9886-2126f92617f4"
              },
              "type": "SetVariable",
              "inputs": {
                "name": "Approver",
                "value": "@items('Apply_to_each_2')?['email']"
              }
            },
            "Set_variable_3": {
              "runAfter": {
                "Set_variable": [
                  "Succeeded"
                ]
              },
              "metadata": {
                "operationMetadataId": "8fc8b7d3-a214-4119-b534-e8c05005efe9"
              },
              "type": "SetVariable",
              "inputs": {
                "name": "ApproverName",
                "value": "@items('Apply_to_each_2')?['displayName']"
              }
            }
          },
          "runAfter": {
            "Initialize_variable_-_approved_by_email": [
              "Succeeded"
            ]
          },
          "metadata": {
            "operationMetadataId": "2dbc8164-94a1-4b22-ba74-424866594558"
          },
          "type": "Foreach"
        },
        "Apply_to_each_3": {
          "foreach": "@outputs('Wait_for_an_approval')?['body/responses']",
          "actions": {
            "Set_variable_2": {
              "runAfter": {},
              "metadata": {
                "operationMetadataId": "f3bacd77-1623-469d-bc7c-d548140b90ef"
              },
              "type": "SetVariable",
              "inputs": {
                "name": "Comment",
                "value": "@items('Apply_to_each_3')?['comments']"
              }
            },
            "Set_variable_-_approved_by": {
              "runAfter": {
                "Set_variable_2": [
                  "Succeeded"
                ]
              },
              "metadata": {
                "operationMetadataId": "e9731f4f-52b1-4567-bc63-4c6a53e89557"
              },
              "type": "SetVariable",
              "inputs": {
                "name": "ApprovedBy",
                "value": "@items('Apply_to_each_3')?['responder/displayName']"
              }
            },
            "Set_variable_-_approved_by_email": {
              "runAfter": {
                "Set_variable_-_approved_by": [
                  "Succeeded"
                ]
              },
              "metadata": {
                "operationMetadataId": "8a3eff13-2b09-4a11-aa8f-88b0e6b12602"
              },
              "type": "SetVariable",
              "inputs": {
                "name": "ApprovedByEmail",
                "value": "@items('Apply_to_each_3')?['responder/email']"
              }
            }
          },
          "runAfter": {
            "Send_an_email_to_team_members_if_wait_for_approval_failed_": [
              "Skipped"
            ]
          },
          "metadata": {
            "operationMetadataId": "75ea589e-d0ed-4ca5-8997-c9350df4fb5a"
          },
          "type": "Foreach"
        },
        "Initialize_variable_2": {
          "runAfter": {
            "Initialize_variable": [
              "Succeeded"
            ]
          },
          "metadata": {
            "operationMetadataId": "cfde23e8-2ce3-4c69-abe9-43851e5827b2"
          },
          "type": "InitializeVariable",
          "inputs": {
            "variables": [
              {
                "name": "ApproverName",
                "type": "string"
              }
            ]
          }
        },
        "Initialize_variable_-_Approval_comment": {
          "runAfter": {
            "Initialize_variable_2": [
              "Succeeded"
            ]
          },
          "metadata": {
            "operationMetadataId": "a0f29446-8caa-4cc6-94bd-3aeb1f8c9f11"
          },
          "type": "InitializeVariable",
          "inputs": {
            "variables": [
              {
                "name": "Comment",
                "type": "string"
              }
            ]
          }
        },
        "Compose": {
          "runAfter": {
            "Terminate": [
              "Succeeded"
            ]
          },
          "metadata": {
            "operationMetadataId": "cf0d56ad-d641-4a58-b9a5-201f1a1b64ff"
          },
          "type": "Compose",
          "inputs": "Create item on respective subsites"
        },
        "Switch": {
          "runAfter": {
            "Compose": [
              "Succeeded"
            ]
          },
          "cases": {
            "Case": {
              "case": "CCOL",
              "actions": {}
            },
            "Case_2": {
              "case": "TSL",
              "actions": {
                "Condition_2": {
                  "actions": {
                    "Create_item_3": {
                      "runAfter": {},
                      "metadata": {
                        "operationMetadataId": "3cefbc2b-d1e7-4d00-8c88-1a2d0a0121f7"
                      },
                      "type": "OpenApiConnection",
                      "inputs": {
                        "host": {
                          "connectionName": "shared_sharepointonline",
                          "operationId": "PostItem",
                          "apiId": "/providers/Microsoft.PowerApps/apis/shared_sharepointonline"
                        },
                        "parameters": {
                          "dataset": "https://tsltransport.sharepoint.com/sites/TSLEstateTeam/tslestatesbackend",
                          "table": "9ec22779-e8e5-454d-baba-d03d492d527b",
                          "item/LastName": "@outputs('Get_item')?['body/LastName']",
                          "item/Department/Value": "@outputs('Update_item_2')?['body/Department/Value']",
                          "item/EmailAddress": "@outputs('Get_item')?['body/EmailAddress']",
                          "item/WorkLocation/Value": "@outputs('Get_item')?['body/WorkLocation/Value']",
                          "item/CategoryofRequest/Value": "@outputs('Get_item')?['body/CategoryofRequest/Value']",
                          "item/RequestDetail": "@outputs('Get_item')?['body/RequestDetail']",
                          "item/Quantity": "@outputs('Get_item')?['body/Quantity']",
                          "item/RequestDate": "@outputs('Get_item')?['body/RequestDate']",
                          "item/PreferredCloseOutDate": "@outputs('Get_item')?['body/PreferredCloseOutDate']",
                          "item/Company/Value": "TSL",
                          "item/Status/Value": "Approved",
                          "item/Approver/Claims": "@variables('ApproverName')",
                          "item/Approval_x0020_Comment": "@variables('Comment')"
                        },
                        "authentication": "@parameters('$authentication')"
                      }
                    }
                  },
                  "runAfter": {},
                  "else": {
                    "actions": {
                      "Create_item": {
                        "runAfter": {},
                        "metadata": {
                          "operationMetadataId": "44599452-1520-4c51-b787-465c1b4c6624"
                        },
                        "type": "OpenApiConnection",
                        "inputs": {
                          "host": {
                            "connectionName": "shared_sharepointonline",
                            "operationId": "PostItem",
                            "apiId": "/providers/Microsoft.PowerApps/apis/shared_sharepointonline"
                          },
                          "parameters": {
                            "dataset": "https://tsltransport.sharepoint.com/sites/TSLEstateTeam/tslestatesbackend",
                            "table": "9ec22779-e8e5-454d-baba-d03d492d527b",
                            "item/LastName": "@outputs('Get_item')?['body/LastName']",
                            "item/Department/Value": "@outputs('Update_item_2')?['body/Department/Value']",
                            "item/EmailAddress": "@outputs('Get_item')?['body/EmailAddress']",
                            "item/WorkLocation/Value": "@outputs('Get_item')?['body/WorkLocation/Value']",
                            "item/CategoryofRequest/Value": "@outputs('Get_item')?['body/CategoryofRequest/Value']",
                            "item/RequestDetail": "@outputs('Get_item')?['body/RequestDetail']",
                            "item/Quantity": "@outputs('Get_item')?['body/Quantity']",
                            "item/RequestDate": "@outputs('Get_item')?['body/RequestDate']",
                            "item/PreferredCloseOutDate": "@outputs('Get_item')?['body/PreferredCloseOutDate']",
                            "item/Company/Value": "TSL",
                            "item/Status/Value": "Rejected",
                            "item/Approver/Claims": "@variables('ApproverName')",
                            "item/Approval_x0020_Comment": "@variables('Comment')"
                          },
                          "authentication": "@parameters('$authentication')"
                        }
                      }
                    }
                  },
                  "expression": {
                    "equals": [
                      "@outputs('Wait_for_an_approval')?['body/outcome']",
                      "Approve"
                    ]
                  },
                  "metadata": {
                    "operationMetadataId": "92d04d2e-b721-4d40-8598-e064b18b8407"
                  },
                  "type": "If"
                }
              }
            },
            "Case_3": {
              "case": "IASL",
              "actions": {}
            },
            "Case_4": {
              "case": "TML",
              "actions": {}
            }
          },
          "default": {
            "actions": {}
          },
          "expression": "@outputs('Update_item_2')?['body/Company/Value']",
          "metadata": {
            "operationMetadataId": "c4de764a-5c48-4557-8455-324cca5daba4"
          },
          "type": "Switch"
        },
        "Terminate": {
          "runAfter": {
            "Condition": [
              "Succeeded"
            ]
          },
          "metadata": {
            "operationMetadataId": "aacf8d79-6220-4b9b-a551-d4385dd60bf6"
          },
          "type": "Terminate",
          "inputs": {
            "runStatus": "Succeeded"
          }
        },
        "Initialize_variable_-_approved_by": {
          "runAfter": {
            "Initialize_variable_-_Approval_comment": [
              "Succeeded"
            ]
          },
          "metadata": {
            "operationMetadataId": "e36658fa-ebbe-43cc-9477-8ae3f1cd7be0"
          },
          "type": "InitializeVariable",
          "inputs": {
            "variables": [
              {
                "name": "ApprovedBy",
                "type": "string"
              }
            ]
          }
        },
        "Initialize_variable_-_approved_by_email": {
          "runAfter": {
            "Initialize_variable_-_approved_by": [
              "Succeeded"
            ]
          },
          "metadata": {
            "operationMetadataId": "c64dabd0-bc61-478b-a053-3a857fe56923"
          },
          "type": "InitializeVariable",
          "inputs": {
            "variables": [
              {
                "name": "ApprovedByEmail",
                "type": "string"
              }
            ]
          }
        },
        "Send_an_email_to_team_members": {
          "runAfter": {
            "Send_an_email_to_requester": [
              "Succeeded"
            ]
          },
          "metadata": {
            "operationMetadataId": "b74a33ac-6918-400a-bb0e-384eaad9855d"
          },
          "type": "OpenApiConnection",
          "inputs": {
            "host": {
              "connectionName": "shared_office365_1",
              "operationId": "SendEmailV2",
              "apiId": "/providers/Microsoft.PowerApps/apis/shared_office365"
            },
            "parameters": {
              "emailMessage/To": "TSLEstateTeam@tsllimited.com",
              "emailMessage/Subject": "New Facility Maintenance Request - @{outputs('Get_item')?['body/WorkLocation/Value']}",
              "emailMessage/Body": "<p>Hello, Team.<br>\n<br>\nThis is to notify you that a facility maintenance request has been created by <strong></strong><strong>@{outputs('Get_item')?['body/LastName']}</strong><strong>.</strong><br>\n<br>\n<br>\nFind below the details of the request:<br>\n<br>\nFull Name: <strong></strong><strong>@{outputs('Get_item')?['body/LastName']}</strong><strong>.</strong><br>\nWork Location: <strong></strong><strong>@{outputs('Get_item')?['body/WorkLocation/Value']}</strong><strong>.</strong><br>\nCategory: <strong></strong><strong>@{outputs('Get_item')?['body/CategoryofRequest/Value']}</strong><strong>.</strong><br>\nRequest Details: <strong></strong><strong>@{outputs('Get_item')?['body/RequestDetail']}</strong><strong>.</strong><br>\nRequested Date: <strong></strong><strong>@{outputs('Get_item')?['body/RequestDate']}</strong><strong>.</strong><br>\nClose-out Date: <strong></strong><strong>@{outputs('Get_item')?['body/PreferredCloseOutDate']}</strong><strong>.</strong><br>\n<br>\n<br>\nRegards,<br>\n<br>\nTSL Estate.<br>\n</p>",
              "emailMessage/Importance": "Normal"
            },
            "authentication": "@parameters('$authentication')"
          }
        },
        "Send_an_email_to_team_members_if_approval_failed": {
          "runAfter": {
            "Create_an_approval_for_team_members": [
              "Failed"
            ]
          },
          "metadata": {
            "operationMetadataId": "b74a33ac-6918-400a-bb0e-384eaad9855d"
          },
          "type": "OpenApiConnection",
          "inputs": {
            "host": {
              "connectionName": "shared_office365_1",
              "operationId": "SendEmailV2",
              "apiId": "/providers/Microsoft.PowerApps/apis/shared_office365"
            },
            "parameters": {
              "emailMessage/To": "aoseragbaje@tsllimited.com;iosoria@tsllimited.com;cmadubuike@tsllimited.com;cibekwe@tsllimited.com;TSLEstateTeam@tsllimited.com",
              "emailMessage/Subject": "Failed to Send Approval for Facility Maintenance Request - @{outputs('Get_item')?['body/WorkLocation/Value']}",
              "emailMessage/Body": "<p>Hello Team,<br>\n<br>\nThis is to notify you that a facility maintenance request has been created by <strong></strong><strong>@{outputs('Get_item')?['body/LastName']}</strong><strong> </strong>but failed to send an approval request to the team.<br>\n<br>\n<br>\nFind below the details of the request:<br>\n<br>\nFull Name: <strong></strong><strong>@{outputs('Get_item')?['body/LastName']}</strong><strong>.</strong><br>\nWork Location: <strong></strong><strong>@{outputs('Get_item')?['body/WorkLocation/Value']}</strong><strong>.</strong><br>\nCategory: <strong></strong><strong>@{outputs('Get_item')?['body/CategoryofRequest/Value']}</strong><strong>.</strong><br>\nRequest Details: <strong></strong><strong>@{outputs('Get_item')?['body/RequestDetail']}</strong><strong>.</strong><br>\nRequested Date: <strong></strong><strong>@{outputs('Get_item')?['body/RequestDate']}</strong><strong>.</strong><br>\nClose-out Date: <strong></strong><strong>@{outputs('Get_item')?['body/PreferredCloseOutDate']}</strong><strong>.</strong><br>\n<br>\n<br>\nUse this link to track the issue:<br>\n<br>\nhttps://make.powerapps.com/environments/default-9cfc061d-de6e-4c54-87bd-1e019be81db0/solutions/71d2abe6-1b2d-ee11-bdf4-000d3a2fdacf/objects/cloudflows/44e7adac-123a-4791-8891-e6cc2e9ded56/<br>\n<br>\nor<br>\n<br>\n<br>\nhttps://make.powerautomate.com/environments/Default-9cfc061d-de6e-4c54-87bd-1e019be81db0/flows/44e7adac-123a-4791-8891-e6cc2e9ded56<br>\n<br>\n<br>\nRegards,<br>\n<br>\nTSL Estate.<br>\n</p>",
              "emailMessage/Cc": "heze@tsllimited.com",
              "emailMessage/Importance": "Normal"
            },
            "authentication": "@parameters('$authentication')"
          }
        },
        "Send_an_email_to_team_members_if_wait_for_approval_failed_": {
          "runAfter": {
            "Wait_for_an_approval": [
              "Failed"
            ]
          },
          "metadata": {
            "operationMetadataId": "b74a33ac-6918-400a-bb0e-384eaad9855d"
          },
          "type": "OpenApiConnection",
          "inputs": {
            "host": {
              "connectionName": "shared_office365_1",
              "operationId": "SendEmailV2",
              "apiId": "/providers/Microsoft.PowerApps/apis/shared_office365"
            },
            "parameters": {
              "emailMessage/To": "aoseragbaje@tsllimited.com;iosoria@tsllimited.com;cmadubuike@tsllimited.com;cibekwe@tsllimited.com;TSLEstateTeam@tsllimited.com",
              "emailMessage/Subject": "Failed to Send Approval for Facility Maintenance Request - @{outputs('Get_item')?['body/WorkLocation/Value']}",
              "emailMessage/Body": "<p>Hello Team,<br>\n<br>\nThis is to notify you that a facility maintenance request has been created by <strong></strong><strong>@{outputs('Get_item')?['body/LastName']}</strong><strong> </strong>but failed to send an approval request to the team.<br>\n<br>\n<br>\nFind below the details of the request:<br>\n<br>\nFull Name: <strong></strong><strong>@{outputs('Get_item')?['body/LastName']}</strong><strong>.</strong><br>\nWork Location: <strong></strong><strong>@{outputs('Get_item')?['body/WorkLocation/Value']}</strong><strong>.</strong><br>\nCategory: <strong></strong><strong>@{outputs('Get_item')?['body/CategoryofRequest/Value']}</strong><strong>.</strong><br>\nRequest Details: <strong></strong><strong>@{outputs('Get_item')?['body/RequestDetail']}</strong><strong>.</strong><br>\nRequested Date: <strong></strong><strong>@{outputs('Get_item')?['body/RequestDate']}</strong><strong>.</strong><br>\nClose-out Date: <strong></strong><strong>@{outputs('Get_item')?['body/PreferredCloseOutDate']}</strong><strong>.</strong><br>\n<br>\n<br>\nUse this link to track the issue:<br>\n<br>\nhttps://make.powerapps.com/environments/default-9cfc061d-de6e-4c54-87bd-1e019be81db0/solutions/71d2abe6-1b2d-ee11-bdf4-000d3a2fdacf/objects/cloudflows/44e7adac-123a-4791-8891-e6cc2e9ded56/<br>\n<br>\n<br>\nor<br>\n<br>\nhttps://make.powerautomate.com/environments/Default-9cfc061d-de6e-4c54-87bd-1e019be81db0/flows/44e7adac-123a-4791-8891-e6cc2e9ded56<br>\n<br>\n<br>\n<br>\nRegards,<br>\n<br>\nTSL Estate.<br>\n</p>",
              "emailMessage/Cc": "heze@tsllimited.com",
              "emailMessage/Importance": "Normal"
            },
            "authentication": "@parameters('$authentication')"
          }
        }
      }
    },
    "templateName": ""
  },
  "schemaVersion": "1.0.0.0"
}