{
  "properties": {
    "connectionReferences": {
      "shared_sharepointonline": {
        "runtimeSource": "invoker",
        "connection": {
          "connectionReferenceLogicalName": "new_sharedsharepointonline_88627"
        },
        "api": {
          "name": "shared_sharepointonline"
        }
      },
      "shared_office365_1": {
        "runtimeSource": "invoker",
        "connection": {
          "connectionReferenceLogicalName": "cinsight_sharedoffice365_96c71"
        },
        "api": {
          "name": "shared_office365"
        }
      }
    },
    "definition": {
      "$schema": "https://schema.management.azure.com/providers/Microsoft.Logic/schemas/2016-06-01/workflowdefinition.json#",
      "contentVersion": "1.0.0.0",
      "parameters": {
        "$connections": {
          "defaultValue": {},
          "type": "Object"
        },
        "$authentication": {
          "defaultValue": {},
          "type": "SecureObject"
        },
        "TSL Estate Team (cinsight_TSLEstateTeam)": {
          "defaultValue": "https://tsltransport.sharepoint.com/sites/TSLEstateTeam",
          "type": "String",
          "metadata": {
            "schemaName": "cinsight_TSLEstateTeam",
            "description": "This environment variable serves as the data source for Estate Manager "
          }
        },
        "Facility Maintenance Request (cinsight_FacilityMaintenanceRequest)": {
          "defaultValue": "21205999-4ab4-49ff-b9b1-c33fd42a072e",
          "type": "String",
          "metadata": {
            "schemaName": "cinsight_FacilityMaintenanceRequest",
            "description": "This environmental variable is for Estate Manager to manage facility issues"
          }
        }
      },
      "triggers": {
        "manual": {
          "metadata": {
            "operationMetadataId": "7aaa73aa-b67f-4649-a208-4f11e45917e2"
          },
          "type": "Request",
          "kind": "PowerApp",
          "inputs": {
            "schema": {
              "type": "object",
              "properties": {
                "Initializevariable-Fullname_Value": {
                  "type": "string",
                  "description": "Enter initial value",
                  "x-ms-powerflows-param-ispartial": false
                },
                "Initializevariable-Department_Value": {
                  "type": "string",
                  "description": "Enter initial value",
                  "x-ms-powerflows-param-ispartial": false
                },
                "Initializevariable-Company_Value": {
                  "type": "string",
                  "description": "Enter initial value",
                  "x-ms-powerflows-param-ispartial": false
                },
                "Initializevariable-RequestCategory_Value": {
                  "type": "string",
                  "description": "Enter initial value",
                  "x-ms-powerflows-param-ispartial": false
                },
                "Initializevariable-Quantity_Value": {
                  "type": "string",
                  "description": "Enter initial value",
                  "x-ms-powerflows-param-ispartial": false
                },
                "Initializevariable-RequestedDate_Value": {
                  "type": "string",
                  "description": "Enter initial value",
                  "x-ms-powerflows-param-ispartial": false
                },
                "Initializevariable-Preferredcloseoutdate_Value": {
                  "type": "string",
                  "description": "Enter initial value",
                  "x-ms-powerflows-param-ispartial": false
                },
                "Initializevariable-RequestDetails_Value": {
                  "type": "string",
                  "description": "Enter initial value",
                  "x-ms-powerflows-param-ispartial": false
                },
                "Initializevariable-EmailAddress_Value": {
                  "type": "string",
                  "description": "Enter initial value",
                  "x-ms-powerflows-param-ispartial": false
                },
                "Initializevariable-Worklocation_Value": {
                  "type": "string",
                  "description": "Enter initial value",
                  "x-ms-powerflows-param-ispartial": false
                }
              },
              "required": [
                "Initializevariable-Fullname_Value",
                "Initializevariable-Department_Value",
                "Initializevariable-Company_Value",
                "Initializevariable-RequestCategory_Value",
                "Initializevariable-Quantity_Value",
                "Initializevariable-RequestedDate_Value",
                "Initializevariable-Preferredcloseoutdate_Value",
                "Initializevariable-RequestDetails_Value",
                "Initializevariable-EmailAddress_Value",
                "Initializevariable-Worklocation_Value"
              ]
            }
          }
        }
      },
      "actions": {
        "Initialize_variable_-_Full_name": {
          "runAfter": {},
          "metadata": {
            "operationMetadataId": "34007fea-9e24-4598-8484-67a240df3ec0"
          },
          "type": "InitializeVariable",
          "inputs": {
            "variables": [
              {
                "name": "Full_name",
                "type": "string",
                "value": "@{triggerBody()['Initializevariable-Fullname_Value']}"
              }
            ]
          }
        },
        "Initialize_variable_-_Department": {
          "runAfter": {
            "Initialize_variable_-_Full_name": [
              "Succeeded"
            ]
          },
          "metadata": {
            "operationMetadataId": "76fc68c3-1cdc-4211-adad-169b1c9b5596"
          },
          "type": "InitializeVariable",
          "inputs": {
            "variables": [
              {
                "name": "Department",
                "type": "string",
                "value": "@{triggerBody()['Initializevariable-Department_Value']}"
              }
            ]
          }
        },
        "Initialize_variable_-_Company": {
          "runAfter": {
            "Initialize_variable_-_Department": [
              "Succeeded"
            ]
          },
          "metadata": {
            "operationMetadataId": "5436dc76-0297-4ef9-8592-e0dadde3c718"
          },
          "type": "InitializeVariable",
          "inputs": {
            "variables": [
              {
                "name": "Company",
                "type": "string",
                "value": "@{triggerBody()['Initializevariable-Company_Value']}"
              }
            ]
          }
        },
        "Initialize_variable_-_Request_Category": {
          "runAfter": {
            "Initialize_variable_-_Company": [
              "Succeeded"
            ]
          },
          "metadata": {
            "operationMetadataId": "50ddb311-4a9d-45c7-afff-456b82b7e5cc"
          },
          "type": "InitializeVariable",
          "inputs": {
            "variables": [
              {
                "name": "Request_category",
                "type": "string",
                "value": "@{triggerBody()['Initializevariable-RequestCategory_Value']}"
              }
            ]
          }
        },
        "Initialize_variable_-_Quantity": {
          "runAfter": {
            "Initialize_variable_-_Request_Category": [
              "Succeeded"
            ]
          },
          "metadata": {
            "operationMetadataId": "7b10a858-c38d-45c8-82bc-63d6ad3eaabd"
          },
          "type": "InitializeVariable",
          "inputs": {
            "variables": [
              {
                "name": "Quantity",
                "type": "string",
                "value": "@{triggerBody()['Initializevariable-Quantity_Value']}"
              }
            ]
          }
        },
        "Initialize_variable_-_Requested_Date": {
          "runAfter": {
            "Initialize_variable_-_Quantity": [
              "Succeeded"
            ]
          },
          "metadata": {
            "operationMetadataId": "997e5191-53aa-49ee-a36a-7d40942a1264"
          },
          "type": "InitializeVariable",
          "inputs": {
            "variables": [
              {
                "name": "Requested_Date",
                "type": "string",
                "value": "@{triggerBody()['Initializevariable-RequestedDate_Value']}"
              }
            ]
          }
        },
        "Initialize_variable_-_Preferred_close_out_date": {
          "runAfter": {
            "Initialize_variable_-_Requested_Date": [
              "Succeeded"
            ]
          },
          "metadata": {
            "operationMetadataId": "7e329a39-445e-4b99-8693-3674fe4f0de3"
          },
          "type": "InitializeVariable",
          "inputs": {
            "variables": [
              {
                "name": "Close_Out_Date",
                "type": "string",
                "value": "@{triggerBody()['Initializevariable-Preferredcloseoutdate_Value']}"
              }
            ]
          }
        },
        "Initialize_variable_-_Request_Details": {
          "runAfter": {
            "Initialize_variable_-_Preferred_close_out_date": [
              "Succeeded"
            ]
          },
          "metadata": {
            "operationMetadataId": "1eae4f96-3866-46bc-b10a-698d88f28b59"
          },
          "type": "InitializeVariable",
          "inputs": {
            "variables": [
              {
                "name": "Request_Details",
                "type": "string",
                "value": "@{triggerBody()['Initializevariable-RequestDetails_Value']}"
              }
            ]
          }
        },
        "Create_item": {
          "runAfter": {
            "Initialize_variable_-_Work_location": [
              "Succeeded"
            ]
          },
          "metadata": {
            "operationMetadataId": "61cc74fe-2ab9-4b84-93f1-753872d2259a"
          },
          "type": "OpenApiConnection",
          "inputs": {
            "host": {
              "connectionName": "shared_sharepointonline",
              "operationId": "PostItem",
              "apiId": "/providers/Microsoft.PowerApps/apis/shared_sharepointonline"
            },
            "parameters": {
              "dataset": "@parameters('TSL Estate Team (cinsight_TSLEstateTeam)')",
              "table": "@parameters('Facility Maintenance Request (cinsight_FacilityMaintenanceRequest)')",
              "item/LastName": "@variables('Full_name')",
              "item/Department/Value": "@variables('Department')",
              "item/Company/Value": "@variables('Company')",
              "item/EmailAddress": "@variables('Email_address')",
              "item/WorkLocation/Value": "@variables('Work_Location')",
              "item/CategoryofRequest/Value": "@variables('Request_category')",
              "item/Quantity": "@variables('Quantity')",
              "item/RequestDate": "@variables('Requested_Date')",
              "item/PreferredCloseOutDate": "@variables('Close_Out_Date')",
              "item/RequestDetail": "@variables('Request_Details')",
              "item/Status/Value": "Pending"
            },
            "authentication": {
              "type": "Raw",
              "value": "@json(decodeBase64(triggerOutputs().headers['X-MS-APIM-Tokens']))['$ConnectionKey']"
            }
          }
        },
        "Initialize_variable_-_Email_Address": {
          "runAfter": {
            "Initialize_variable_-_Request_Details": [
              "Succeeded"
            ]
          },
          "metadata": {
            "operationMetadataId": "cac7305c-5745-4c9a-8349-268eeb2f00a5"
          },
          "type": "InitializeVariable",
          "inputs": {
            "variables": [
              {
                "name": "Email_address",
                "type": "string",
                "value": "@{triggerBody()['Initializevariable-EmailAddress_Value']}"
              }
            ]
          }
        },
        "Initialize_variable_-_Work_location": {
          "runAfter": {
            "Initialize_variable_-_Email_Address": [
              "Succeeded"
            ]
          },
          "metadata": {
            "operationMetadataId": "fca39e86-be33-44fc-8b07-fa61c23c2200"
          },
          "type": "InitializeVariable",
          "inputs": {
            "variables": [
              {
                "name": "Work_Location",
                "type": "string",
                "value": "@{triggerBody()['Initializevariable-Worklocation_Value']}"
              }
            ]
          }
        },
        "Send_an_email_to_team_members_if_failed": {
          "runAfter": {
            "Create_item": [
              "Failed"
            ]
          },
          "metadata": {
            "operationMetadataId": "b74a33ac-6918-400a-bb0e-384eaad9855d"
          },
          "type": "OpenApiConnection",
          "inputs": {
            "host": {
              "connectionName": "shared_office365_1",
              "operationId": "SendEmailV2",
              "apiId": "/providers/Microsoft.PowerApps/apis/shared_office365"
            },
            "parameters": {
              "emailMessage/To": "aoseragbaje@tsllimited.com;iosoria@tsllimited.com;cmadubuike@tsllimited.com;cibekwe@tsllimited.com;TSLEstateTeam@tsllimited.com",
              "emailMessage/Subject": "Failed Facility Maintenance Request",
              "emailMessage/Body": "<p>Hello Team,<br>\n<br>\nThis is to notify you of a failed facility maintenance request.<br>\n<br>\n<br>\nFind below the details of the request:<br>\n<br>\nFull Name: <strong></strong><strong>@{variables('Full_name')}</strong><strong>.</strong><br>\nWork Location: <strong></strong><strong>@{variables('Work_Location')}</strong><strong>.</strong><br>\nCategory: <strong></strong><strong>@{variables('Request_category')}</strong><strong>.</strong><br>\nRequest Details: <strong></strong><strong>@{variables('Request_Details')}</strong><strong>.</strong><br>\nRequest Date: <strong></strong><strong>@{variables('Requested_Date')}</strong><strong>.</strong><br>\nClose-out Date: <strong></strong>@{variables('Close_Out_Date')}.<br>\n<br>\nUse this link to track the issue:<br>\n<br>\nhttps://make.powerapps.com/environments/default-9cfc061d-de6e-4c54-87bd-1e019be81db0/solutions/71d2abe6-1b2d-ee11-bdf4-000d3a2fdacf/objects/cloudflows/1b57b520-d15a-4fac-bcb9-9171c3738451<br>\n<br>\nor<br>\n<br>\nhttps://make.powerautomate.com/environments/Default-9cfc061d-de6e-4c54-87bd-1e019be81db0/solutions/fd140aaf-4df4-11dd-bd17-0019b9312238/flows/1b57b520-d15a-4fac-bcb9-9171c3738451/details <br>\n<br>\nRegards,<br>\n<br>\nTSL Estate.<br>\n</p>",
              "emailMessage/Cc": "heze@tsllimited.com",
              "emailMessage/Importance": "Normal"
            },
            "authentication": {
              "type": "Raw",
              "value": "@json(decodeBase64(triggerOutputs().headers['X-MS-APIM-Tokens']))['$ConnectionKey']"
            }
          }
        }
      }
    },
    "templateName": ""
  },
  "schemaVersion": "1.0.0.0"
}