{
  "properties": {
    "connectionReferences": {
      "shared_sharepointonline": {
        "runtimeSource": "invoker",
        "connection": {
          "connectionReferenceLogicalName": "new_sharedsharepointonline_88627"
        },
        "api": {
          "name": "shared_sharepointonline"
        }
      }
    },
    "definition": {
      "$schema": "https://schema.management.azure.com/providers/Microsoft.Logic/schemas/2016-06-01/workflowdefinition.json#",
      "contentVersion": "1.0.0.0",
      "parameters": {
        "$connections": {
          "defaultValue": {},
          "type": "Object"
        },
        "$authentication": {
          "defaultValue": {},
          "type": "SecureObject"
        },
        "TSL Estate Team (cinsight_TSLEstateTeam)": {
          "defaultValue": "https://tsltransport.sharepoint.com/sites/TSLEstateTeam",
          "type": "String",
          "metadata": {
            "schemaName": "cinsight_TSLEstateTeam",
            "description": "This environment variable serves as the data source for Estate Manager "
          }
        },
        "Facility Issue List (cinsight_FacilityIssueList)": {
          "defaultValue": "a3d42f33-1f47-44d5-8675-51035e9d92b1",
          "type": "String",
          "metadata": {
            "schemaName": "cinsight_FacilityIssueList",
            "description": "This manages facility issue requests for Estate Manager"
          }
        }
      },
      "triggers": {
        "manual": {
          "metadata": {
            "operationMetadataId": "7d000d24-11e2-4d1c-a33a-57196f2aa387"
          },
          "type": "Request",
          "kind": "PowerApp",
          "inputs": {
            "schema": {
              "type": "object",
              "properties": {
                "Initializevariable-IssueTitle_Value": {
                  "type": "string",
                  "description": "Enter initial value",
                  "x-ms-powerflows-param-ispartial": false
                },
                "Initializevariable-Department_Value": {
                  "type": "string",
                  "description": "Enter initial value",
                  "x-ms-powerflows-param-ispartial": false
                },
                "Initializevariable-Facility_Value": {
                  "type": "string",
                  "description": "Enter initial value",
                  "x-ms-powerflows-param-ispartial": false
                },
                "Initializevariable-Company_Value": {
                  "type": "string",
                  "description": "Enter initial value",
                  "x-ms-powerflows-param-ispartial": false
                },
                "Initializevariable-FacilityLocation_Value": {
                  "type": "string",
                  "description": "Enter initial value",
                  "x-ms-powerflows-param-ispartial": false
                },
                "Initializevariable-RequestedDate_Value": {
                  "type": "string",
                  "description": "Enter initial value",
                  "x-ms-powerflows-param-ispartial": false
                },
                "Initializevariable-IssueDescription_Value": {
                  "type": "string",
                  "description": "Enter initial value",
                  "x-ms-powerflows-param-ispartial": false
                },
                "Initializevariable-EmailAddress_Value": {
                  "type": "string",
                  "description": "Enter initial value",
                  "x-ms-powerflows-param-ispartial": false
                },
                "Initializevariable-Urgency_Value": {
                  "type": "string",
                  "description": "Enter initial value",
                  "x-ms-powerflows-param-ispartial": false
                }
              },
              "required": [
                "Initializevariable-IssueTitle_Value",
                "Initializevariable-Department_Value",
                "Initializevariable-Facility_Value",
                "Initializevariable-Company_Value",
                "Initializevariable-FacilityLocation_Value",
                "Initializevariable-RequestedDate_Value",
                "Initializevariable-IssueDescription_Value",
                "Initializevariable-EmailAddress_Value",
                "Initializevariable-Urgency_Value"
              ]
            }
          }
        }
      },
      "actions": {
        "Initialize_variable_-_Issue_Title": {
          "runAfter": {},
          "metadata": {
            "operationMetadataId": "775eb27c-68c6-496e-9ca7-06ada1b00ea9"
          },
          "type": "InitializeVariable",
          "inputs": {
            "variables": [
              {
                "name": "Issue_Title",
                "type": "string",
                "value": "@{triggerBody()['Initializevariable-IssueTitle_Value']}"
              }
            ]
          }
        },
        "Initialize_variable_-_Department": {
          "runAfter": {
            "Initialize_variable_-_Issue_Title": [
              "Succeeded"
            ]
          },
          "metadata": {
            "operationMetadataId": "94a9809c-fd47-4fa5-8274-2934bf4d0096"
          },
          "type": "InitializeVariable",
          "inputs": {
            "variables": [
              {
                "name": "Department",
                "type": "string",
                "value": "@{triggerBody()['Initializevariable-Department_Value']}"
              }
            ]
          }
        },
        "Initialize_variable_-_Facility": {
          "runAfter": {
            "Initialize_variable_-_Department": [
              "Succeeded"
            ]
          },
          "metadata": {
            "operationMetadataId": "1f00e1dd-cd2c-4be8-b4fd-b52230d67827"
          },
          "type": "InitializeVariable",
          "inputs": {
            "variables": [
              {
                "name": "Facility",
                "type": "string",
                "value": "@{triggerBody()['Initializevariable-Facility_Value']}"
              }
            ]
          }
        },
        "Initialize_variable_-_Company": {
          "runAfter": {
            "Initialize_variable_-_Facility": [
              "Succeeded"
            ]
          },
          "metadata": {
            "operationMetadataId": "64d5504f-0dd9-4b34-a05c-93fb19818baf"
          },
          "type": "InitializeVariable",
          "inputs": {
            "variables": [
              {
                "name": "Company",
                "type": "string",
                "value": "@{triggerBody()['Initializevariable-Company_Value']}"
              }
            ]
          }
        },
        "Initialize_variable_-_Facility_Location": {
          "runAfter": {
            "Initialize_variable_-_Company": [
              "Succeeded"
            ]
          },
          "metadata": {
            "operationMetadataId": "49394659-d2fe-4796-b8a0-e9c167ff1cf7"
          },
          "type": "InitializeVariable",
          "inputs": {
            "variables": [
              {
                "name": "Facility_Location",
                "type": "string",
                "value": "@{triggerBody()['Initializevariable-FacilityLocation_Value']}"
              }
            ]
          }
        },
        "Initialize_variable_-_Requested_Date": {
          "runAfter": {
            "Initialize_variable_-_Facility_Location": [
              "Succeeded"
            ]
          },
          "metadata": {
            "operationMetadataId": "97b44d80-c7df-4333-b454-f5982aa3ab8d"
          },
          "type": "InitializeVariable",
          "inputs": {
            "variables": [
              {
                "name": "Requested_Date",
                "type": "string",
                "value": "@{triggerBody()['Initializevariable-RequestedDate_Value']}"
              }
            ]
          }
        },
        "Initialize_variable_-_Issue_Description": {
          "runAfter": {
            "Initialize_variable_-_Requested_Date": [
              "Succeeded"
            ]
          },
          "metadata": {
            "operationMetadataId": "3a7fc795-de1a-4550-9b7a-8bf377392ba0"
          },
          "type": "InitializeVariable",
          "inputs": {
            "variables": [
              {
                "name": "Issue_Description",
                "type": "string",
                "value": "@{triggerBody()['Initializevariable-IssueDescription_Value']}"
              }
            ]
          }
        },
        "Initialize_variable_-_Email_Address": {
          "runAfter": {
            "Initialize_variable_-_Issue_Description": [
              "Succeeded"
            ]
          },
          "metadata": {
            "operationMetadataId": "4d2a7fae-3465-4aa3-b119-0333d1cf7da9"
          },
          "type": "InitializeVariable",
          "inputs": {
            "variables": [
              {
                "name": "Email",
                "type": "string",
                "value": "@{triggerBody()['Initializevariable-EmailAddress_Value']}"
              }
            ]
          }
        },
        "Initialize_variable_-_Urgency": {
          "runAfter": {
            "Initialize_variable_-_Email_Address": [
              "Succeeded"
            ]
          },
          "metadata": {
            "operationMetadataId": "c6851412-3a5f-40f7-8980-95fd9bcdd67d"
          },
          "type": "InitializeVariable",
          "inputs": {
            "variables": [
              {
                "name": "Urgency",
                "type": "string",
                "value": "@{triggerBody()['Initializevariable-Urgency_Value']}"
              }
            ]
          }
        },
        "Create_item": {
          "runAfter": {
            "Initialize_variable_-_Urgency": [
              "Succeeded"
            ]
          },
          "metadata": {
            "operationMetadataId": "3d122ca3-b69f-4c07-92d0-23d501d216ab"
          },
          "type": "OpenApiConnection",
          "inputs": {
            "host": {
              "connectionName": "shared_sharepointonline",
              "operationId": "PostItem",
              "apiId": "/providers/Microsoft.PowerApps/apis/shared_sharepointonline"
            },
            "parameters": {
              "dataset": "@parameters('TSL Estate Team (cinsight_TSLEstateTeam)')",
              "table": "@parameters('Facility Issue List (cinsight_FacilityIssueList)')",
              "item/Title": "@variables('Issue_Title')",
              "item/Department0/Value": "@variables('Department')",
              "item/Company/Value": "@variables('Company')",
              "item/Request_x0020_Date": "@variables('Requested_Date')",
              "item/Department/Value": "@variables('Facility')",
              "item/Facility_x0020_Location": "@variables('Facility_Location')",
              "item/Issue_x0020_Description": "@variables('Issue_Description')",
              "item/Urgency/Value": "@variables('Urgency')",
              "item/Status/Value": "Not Started"
            },
            "authentication": {
              "type": "Raw",
              "value": "@json(decodeBase64(triggerOutputs().headers['X-MS-APIM-Tokens']))['$ConnectionKey']"
            }
          }
        }
      }
    },
    "templateName": ""
  },
  "schemaVersion": "1.0.0.0"
}