{
  "properties": {
    "connectionReferences": {
      "shared_sharepointonline": {
        "runtimeSource": "invoker",
        "connection": {
          "connectionReferenceLogicalName": "new_sharedsharepointonline_88627"
        },
        "api": {
          "name": "shared_sharepointonline"
        }
      },
      "shared_office365_1": {
        "runtimeSource": "invoker",
        "connection": {
          "connectionReferenceLogicalName": "new_sharedoffice365_03a01"
        },
        "api": {
          "name": "shared_office365"
        }
      }
    },
    "definition": {
      "$schema": "https://schema.management.azure.com/providers/Microsoft.Logic/schemas/2016-06-01/workflowdefinition.json#",
      "contentVersion": "1.0.0.0",
      "parameters": {
        "$connections": {
          "defaultValue": {},
          "type": "Object"
        },
        "$authentication": {
          "defaultValue": {},
          "type": "SecureObject"
        },
        "TSL Estate Team (cinsight_TSLEstateTeam)": {
          "defaultValue": "https://tsltransport.sharepoint.com/sites/TSLEstateTeam",
          "type": "String",
          "metadata": {
            "schemaName": "cinsight_TSLEstateTeam",
            "description": "This environment variable serves as the data source for Estate Manager "
          }
        },
        "Guest House Requests  (cinsight_GuestHouseRequests)": {
          "defaultValue": "a9a16df0-d9c0-473d-9b7b-c41e6591c220",
          "type": "String",
          "metadata": {
            "schemaName": "cinsight_GuestHouseRequests",
            "description": "This environmental variable is for Estate Manager to manage guest house requests"
          }
        }
      },
      "triggers": {
        "manual": {
          "metadata": {
            "operationMetadataId": "7ab82559-a7e6-4489-b52c-6f530040c613"
          },
          "type": "Request",
          "kind": "PowerApp",
          "inputs": {
            "schema": {
              "type": "object",
              "properties": {
                "Initializevariable-FullName_Value": {
                  "type": "string",
                  "description": "Enter initial value",
                  "x-ms-powerflows-param-ispartial": false
                },
                "Initializevariable-PhoneNumber_Value": {
                  "type": "integer",
                  "description": "Enter initial value",
                  "x-ms-powerflows-param-ispartial": false
                },
                "Initializevariable-Company_Value": {
                  "type": "string",
                  "description": "Enter initial value",
                  "x-ms-powerflows-param-ispartial": false
                },
                "Initializevariable-Department_Value": {
                  "type": "string",
                  "description": "Enter initial value",
                  "x-ms-powerflows-param-ispartial": false
                },
                "Initializevariable-ArrivalDate_Value": {
                  "type": "string",
                  "description": "Enter initial value",
                  "x-ms-powerflows-param-ispartial": false
                },
                "Initializevariable-DepartureDate_Value": {
                  "type": "string",
                  "description": "Enter initial value",
                  "x-ms-powerflows-param-ispartial": false
                },
                "Initializevariable-TotalNumberofNights_Value": {
                  "type": "string",
                  "description": "Enter initial value",
                  "x-ms-powerflows-param-ispartial": false
                },
                "Initializevariable-ArrivalLocation_Value": {
                  "type": "string",
                  "description": "Enter initial value",
                  "x-ms-powerflows-param-ispartial": false
                },
                "Initializevariable-HRBPInCharge_Value": {
                  "type": "string",
                  "description": "Enter initial value",
                  "x-ms-powerflows-param-ispartial": false
                },
                "Initializevariable-Bookingforastaff_Value": {
                  "type": "string",
                  "description": "Enter initial value",
                  "x-ms-powerflows-param-ispartial": false
                },
                "Initializevariable-StaffDetails_Value": {
                  "type": "string",
                  "description": "Enter initial value",
                  "x-ms-powerflows-param-ispartial": false
                },
                "Initializevariable-EmailAddress_Value": {
                  "type": "string",
                  "description": "Enter initial value",
                  "x-ms-powerflows-param-ispartial": false
                }
              },
              "required": [
                "Initializevariable-FullName_Value",
                "Initializevariable-PhoneNumber_Value",
                "Initializevariable-Company_Value",
                "Initializevariable-Department_Value",
                "Initializevariable-ArrivalDate_Value",
                "Initializevariable-DepartureDate_Value",
                "Initializevariable-TotalNumberofNights_Value",
                "Initializevariable-ArrivalLocation_Value",
                "Initializevariable-HRBPInCharge_Value",
                "Initializevariable-Bookingforastaff_Value",
                "Initializevariable-StaffDetails_Value",
                "Initializevariable-EmailAddress_Value"
              ]
            }
          }
        }
      },
      "actions": {
        "Initialize_variable_-_Full_Name": {
          "runAfter": {},
          "metadata": {
            "operationMetadataId": "31272b09-1c14-4407-b758-2e1fd765193c"
          },
          "type": "InitializeVariable",
          "inputs": {
            "variables": [
              {
                "name": "Full_Name",
                "type": "string",
                "value": "@{triggerBody()['Initializevariable-FullName_Value']}"
              }
            ]
          }
        },
        "Initialize_variable_-Phone_Number": {
          "runAfter": {
            "Initialize_variable_-_Full_Name": [
              "Succeeded"
            ]
          },
          "metadata": {
            "operationMetadataId": "f1a90757-bf89-4a39-ab3d-4178294cddd7"
          },
          "type": "InitializeVariable",
          "inputs": {
            "variables": [
              {
                "name": "Phone_Number",
                "type": "integer",
                "value": "@triggerBody()['Initializevariable-PhoneNumber_Value']"
              }
            ]
          }
        },
        "Initialize_variable_-_Company": {
          "runAfter": {
            "Initialize_variable_-Phone_Number": [
              "Succeeded"
            ]
          },
          "metadata": {
            "operationMetadataId": "e3318c26-984a-4b33-b36b-638530ff8891"
          },
          "type": "InitializeVariable",
          "inputs": {
            "variables": [
              {
                "name": "Company",
                "type": "string",
                "value": "@{triggerBody()['Initializevariable-Company_Value']}"
              }
            ]
          }
        },
        "Initialize_variable_-_Department": {
          "runAfter": {
            "Initialize_variable_-_Company": [
              "Succeeded"
            ]
          },
          "metadata": {
            "operationMetadataId": "861585a1-2317-4fe8-9733-80522ce293e3"
          },
          "type": "InitializeVariable",
          "inputs": {
            "variables": [
              {
                "name": "Department",
                "type": "string",
                "value": "@{triggerBody()['Initializevariable-Department_Value']}"
              }
            ]
          }
        },
        "Initialize_variable_-_Arrival_Date": {
          "runAfter": {
            "Initialize_variable_-_Department": [
              "Succeeded"
            ]
          },
          "metadata": {
            "operationMetadataId": "6cc997f0-8d1a-4c2c-8bdf-1534331715c2"
          },
          "type": "InitializeVariable",
          "inputs": {
            "variables": [
              {
                "name": "Arrival_Date",
                "type": "string",
                "value": "@{triggerBody()['Initializevariable-ArrivalDate_Value']}"
              }
            ]
          }
        },
        "Initialize_variable_-_Departure_Date": {
          "runAfter": {
            "Initialize_variable_-_Arrival_Date": [
              "Succeeded"
            ]
          },
          "metadata": {
            "operationMetadataId": "d835ce97-63ff-4d4b-915d-d54e042d8011"
          },
          "type": "InitializeVariable",
          "inputs": {
            "variables": [
              {
                "name": "Departure_Date",
                "type": "string",
                "value": "@{triggerBody()['Initializevariable-DepartureDate_Value']}"
              }
            ]
          }
        },
        "Initialize_variable_-_Total_Number_of_Nights": {
          "runAfter": {
            "Initialize_variable_-_Departure_Date": [
              "Succeeded"
            ]
          },
          "metadata": {
            "operationMetadataId": "e16410a8-ccb8-4359-a548-4af8fa96f209"
          },
          "type": "InitializeVariable",
          "inputs": {
            "variables": [
              {
                "name": "Number_of_Nights",
                "type": "string",
                "value": "@{triggerBody()['Initializevariable-TotalNumberofNights_Value']}"
              }
            ]
          }
        },
        "Initialize_variable_-_Arrival_Location": {
          "runAfter": {
            "Initialize_variable_-_Total_Number_of_Nights": [
              "Succeeded"
            ]
          },
          "metadata": {
            "operationMetadataId": "412daacb-255d-4998-b4d8-4f9b61e841bb"
          },
          "type": "InitializeVariable",
          "inputs": {
            "variables": [
              {
                "name": "Arrival_Location",
                "type": "string",
                "value": "@{triggerBody()['Initializevariable-ArrivalLocation_Value']}"
              }
            ]
          }
        },
        "Initialize_variable_-_Email_Address_HRBP_In_Charge": {
          "runAfter": {
            "Initialize_variable_-_Arrival_Location": [
              "Succeeded"
            ]
          },
          "metadata": {
            "operationMetadataId": "e8407f0e-cbc1-4601-8ef4-6513d6aad8fb"
          },
          "type": "InitializeVariable",
          "inputs": {
            "variables": [
              {
                "name": "HRBP_Email_Address",
                "type": "string",
                "value": "@{triggerBody()['Initializevariable-HRBPInCharge_Value']}"
              }
            ]
          }
        },
        "Initialize_variable_-_Booking_for_a_staff": {
          "runAfter": {
            "Initialize_variable_-_Email_Address_HRBP_In_Charge": [
              "Succeeded"
            ]
          },
          "metadata": {
            "operationMetadataId": "a8d09957-cb9e-4bcc-b2d7-3578509ed4ce"
          },
          "type": "InitializeVariable",
          "inputs": {
            "variables": [
              {
                "name": "Booking_on_behalf_of_a_staff",
                "type": "string",
                "value": "@{triggerBody()['Initializevariable-Bookingforastaff_Value']}"
              }
            ]
          }
        },
        "Initialize_variable_-_Staff_Details": {
          "runAfter": {
            "Initialize_variable_-_Booking_for_a_staff": [
              "Succeeded"
            ]
          },
          "metadata": {
            "operationMetadataId": "8d82af8f-6669-4ceb-a226-edae036db132"
          },
          "type": "InitializeVariable",
          "inputs": {
            "variables": [
              {
                "name": "Staff_Details",
                "type": "string",
                "value": "@{triggerBody()['Initializevariable-StaffDetails_Value']}"
              }
            ]
          }
        },
        "Initialize_variable_-_Email_Address": {
          "runAfter": {
            "Initialize_variable_-_Staff_Details": [
              "Succeeded"
            ]
          },
          "metadata": {
            "operationMetadataId": "904e90ce-99d8-43bd-a9c7-2d18b1f7e3b0"
          },
          "type": "InitializeVariable",
          "inputs": {
            "variables": [
              {
                "name": "Email",
                "type": "string",
                "value": "@{triggerBody()['Initializevariable-EmailAddress_Value']}"
              }
            ]
          }
        },
        "Create_item": {
          "runAfter": {
            "Initialize_variable_-_Time": [
              "Succeeded"
            ]
          },
          "metadata": {
            "operationMetadataId": "e41875ef-caab-4861-8f7a-e0f92f26cdaa"
          },
          "type": "OpenApiConnection",
          "inputs": {
            "host": {
              "connectionName": "shared_sharepointonline",
              "operationId": "PostItem",
              "apiId": "/providers/Microsoft.PowerApps/apis/shared_sharepointonline"
            },
            "parameters": {
              "dataset": "@parameters('TSL Estate Team (cinsight_TSLEstateTeam)')",
              "table": "@parameters('Guest House Requests  (cinsight_GuestHouseRequests)')",
              "item/Title": "@variables('Full_Name')",
              "item/Company/Value": "@variables('Company')",
              "item/Department/Value": "@variables('Department')",
              "item/Phone_x0020_Number": "@variables('Phone_Number')",
              "item/BookingonBehalfofaStaff": "@variables('Booking_on_behalf_of_a_staff')",
              "item/StaffDetails": "@variables('Staff_Details')",
              "item/ArrivalLocation/Value": "@variables('Arrival_Location')",
              "item/EmailAddress": "@variables('Email')",
              "item/DateofArrival": "@variables('Arrival_Date')",
              "item/DateofDeparture": "@variables('Departure_Date')",
              "item/TotalNumberofNights": "@variables('Number_of_Nights')",
              "item/HRBP/Claims": "@variables('HRBP_Email_Address')"
            },
            "authentication": {
              "type": "Raw",
              "value": "@json(decodeBase64(triggerOutputs().headers['X-MS-APIM-Tokens']))['$ConnectionKey']"
            }
          }
        },
        "Notify_requester": {
          "runAfter": {
            "Terminate_2": [
              "Skipped"
            ]
          },
          "metadata": {
            "operationMetadataId": "8cbc4b42-2c1a-4165-987f-c33f72e75775"
          },
          "type": "OpenApiConnection",
          "inputs": {
            "host": {
              "connectionName": "shared_office365_1",
              "operationId": "SendEmailV2",
              "apiId": "/providers/Microsoft.PowerApps/apis/shared_office365"
            },
            "parameters": {
              "emailMessage/To": "@variables('Email')",
              "emailMessage/Subject": "Failed Request: Guest House Booking Request",
              "emailMessage/Body": "<p>Dear @{variables('Full_Name')}.<br>\n<br>\nWe regret to inform you that the guest house request you submitted has encountered an unfortunate setback.<br>\n<br>\n<br>\nKindly reach out to the Estate Team or please ensure the HOD/HRBP/line manager's email address entered: @{variables('HRBP_Email_Address')} is valid.<br>\n<br>\n<br>\nRegards,<br>\n<br>\nTSL Estate.</p>",
              "emailMessage/Importance": "Normal"
            },
            "authentication": {
              "type": "Raw",
              "value": "@json(decodeBase64(triggerOutputs().headers['X-MS-APIM-Tokens']))['$ConnectionKey']"
            }
          }
        },
        "Initialize_variable_-_Time": {
          "runAfter": {
            "Initialize_variable_-_Email_Address": [
              "Succeeded"
            ]
          },
          "metadata": {
            "operationMetadataId": "530c8674-0560-4264-a8e1-7523159993ad"
          },
          "type": "InitializeVariable",
          "inputs": {
            "variables": [
              {
                "name": "Time",
                "type": "string",
                "value": "@{formatDateTime(utcNow(), 'yyyy-MM-dd HH:mm:ss')}"
              }
            ]
          }
        },
        "Notify_Team": {
          "runAfter": {
            "Terminate_2": [
              "Skipped"
            ]
          },
          "metadata": {
            "operationMetadataId": "acdcf40a-1da5-4635-b57c-5449281970cc"
          },
          "type": "OpenApiConnection",
          "inputs": {
            "host": {
              "connectionName": "shared_office365_1",
              "operationId": "SendEmailV2",
              "apiId": "/providers/Microsoft.PowerApps/apis/shared_office365"
            },
            "parameters": {
              "emailMessage/To": "aoseragbaje@tsllimited.com;iosoria@tsllimited.com;cmadubuike@tsllimited.com;cibekwe@tsllimited.com;TSLEstateTeam@tsllimited.com",
              "emailMessage/Subject": "Failed Request: Guest House Booking Request",
              "emailMessage/Body": "<p>Dear Team,<br>\n<br>\nThis is to notify you that a new guest house request has failed. Please find the details of the request below:<br>\n<br>\nFull Name: @{variables('Full_Name')}.<br>\n<br>\nEmail Address: @{variables('Email')}.<br>\n<br>\nPhone Number: @{variables('Phone_Number')}.<br>\n<br>\nCompany: @{variables('Company')}.<br>\n<br>\nDepartment: @{variables('Department')}.<br>\n<br>\nArrival Date: @{variables('Arrival_Date')}.<br>\n<br>\nDeparture Date: @{variables('Departure_Date')}.<br>\n<br>\nTotal Number of Nights: @{variables('Number_of_Nights')}.<br>\n<br>\nArrival Location: @{variables('Arrival_Location')}.<br>\n<br>\nHRBP/HOD/Line Manager's Email Address: @{variables('HRBP_Email_Address')}.<br>\n<br>\nBooking for a staff: @{variables('Booking_on_behalf_of_a_staff')}.<br>\n<br>\n<br>\nRequest Time: @{variables('Time')}.<br>\n<br>\nNote: Please ensure that the email address of the HOD/HRBP/line manager is valid. Otherwise, this step will fail. If you are reading this message, it indicates that the request failed to save in SharePoint. In such a case, kindly reach out to the requester to confirm the details and request them to create a new request using accurate and valid data. Use the \"Request Time\" to track the request.<br>\n<br>\n<br>\nFind the link to flow: <br>\n<br>\nhttps://make.powerautomate.com/environments/Default-9cfc061d-de6e-4c54-87bd-1e019be81db0/flows/0211e40f-69e7-4d9e-ad85-d295e4e592b9<br>\n<br>\n<br>\nRegards,<br>\n<br>\nTSL Estate.</p>",
              "emailMessage/Cc": "heze@tsllimited.com",
              "emailMessage/Importance": "Normal"
            },
            "authentication": {
              "type": "Raw",
              "value": "@json(decodeBase64(triggerOutputs().headers['X-MS-APIM-Tokens']))['$ConnectionKey']"
            }
          }
        },
        "Terminate": {
          "runAfter": {
            "Notify_requester": [
              "Succeeded"
            ],
            "Notify_Team": [
              "Succeeded"
            ]
          },
          "metadata": {
            "operationMetadataId": "56055f91-64ef-4e81-b33b-4366b8ef6bd7"
          },
          "type": "Terminate",
          "inputs": {
            "runStatus": "Failed",
            "runError": {
              "code": "400",
              "message": "HRBP email could not be found"
            }
          }
        },
        "Terminate_2": {
          "runAfter": {
            "Guest_House_Booking_Request": [
              "Skipped"
            ]
          },
          "metadata": {
            "operationMetadataId": "60372d89-6e9c-47ac-91c8-50b88bb85f58"
          },
          "type": "Terminate",
          "inputs": {
            "runStatus": "Succeeded"
          }
        },
        "Guest_House_Booking_Request": {
          "runAfter": {
            "Create_item": [
              "Failed"
            ]
          },
          "metadata": {
            "operationMetadataId": "421a45a3-bb6c-4adf-a0a8-8aed86ccf417"
          },
          "type": "Compose",
          "inputs": "Dear Team,\n\nThis is to notify you that a new guest house request has failed. Please find the details of the request below:\n\nFull Name: @{variables('Full_Name')}.\n\nEmail Address: @{variables('Email')}.\n\nPhone Number: @{variables('Phone_Number')}.\n\nCompany: @{variables('Company')}.\n\nDepartment: @{variables('Department')}.\n\nArrival Date: @{variables('Arrival_Date')}.\n\nDeparture Date: @{variables('Departure_Date')}.\n\nTotal Number of Nights: @{variables('Number_of_Nights')}.\n\nArrival Location: @{variables('Arrival_Location')}.\n\nHRBP Email Address: @{variables('HRBP_Email_Address')}.\n\nBooking for a staff: @{variables('Booking_on_behalf_of_a_staff')}.\n\nStaff Details: @{variables('Staff_Details')}.\n\nRequest Time: @{variables('Time')}.\n\nNote: Please ensure that the email address of the HRBP is valid. Otherwise, this step will fail. If you are reading this message, it indicates that the request failed to save in SharePoint. In such a case, kindly reach out to the requester to confirm the details and request them to create a new request using acccurate and valid data."
        }
      }
    },
    "templateName": ""
  },
  "schemaVersion": "1.0.0.0"
}