{
  "properties": {
    "connectionReferences": {
      "shared_office365_1": {
        "runtimeSource": "embedded",
        "connection": {
          "connectionReferenceLogicalName": "cinsight_sharedoffice365_560ed"
        },
        "api": {
          "name": "shared_office365"
        }
      },
      "shared_sharepointonline": {
        "runtimeSource": "embedded",
        "connection": {
          "connectionReferenceLogicalName": "cinsight_sharedsharepointonline_fb3fb"
        },
        "api": {
          "name": "shared_sharepointonline"
        }
      },
      "shared_approvals": {
        "runtimeSource": "embedded",
        "connection": {
          "connectionReferenceLogicalName": "cinsight_sharedapprovals_25f2d"
        },
        "api": {
          "name": "shared_approvals"
        }
      },
      "shared_sharepointonline_1": {
        "runtimeSource": "embedded",
        "connection": {
          "connectionReferenceLogicalName": "new_sharedsharepointonline_88627"
        },
        "api": {
          "name": "shared_sharepointonline"
        }
      }
    },
    "definition": {
      "$schema": "https://schema.management.azure.com/providers/Microsoft.Logic/schemas/2016-06-01/workflowdefinition.json#",
      "contentVersion": "1.0.0.0",
      "parameters": {
        "$connections": {
          "defaultValue": {},
          "type": "Object"
        },
        "$authentication": {
          "defaultValue": {},
          "type": "SecureObject"
        },
        "TSL Estate Team (cinsight_TSLEstateTeam)": {
          "defaultValue": "https://tsltransport.sharepoint.com/sites/TSLEstateTeam",
          "type": "String",
          "metadata": {
            "schemaName": "cinsight_TSLEstateTeam",
            "description": "This environment variable serves as the data source for Estate Manager "
          }
        },
        "Guest House Requests  (cinsight_GuestHouseRequests)": {
          "defaultValue": "a9a16df0-d9c0-473d-9b7b-c41e6591c220",
          "type": "String",
          "metadata": {
            "schemaName": "cinsight_GuestHouseRequests",
            "description": "This environmental variable is for Estate Manager to manage guest house requests"
          }
        }
      },
      "triggers": {
        "When_an_item_is_created": {
          "recurrence": {
            "interval": 5,
            "frequency": "Minute"
          },
          "splitOn": "@triggerOutputs()?['body/value']",
          "metadata": {
            "operationMetadataId": "abc15e24-e2bc-40f2-8b61-139460a458ca"
          },
          "type": "OpenApiConnection",
          "inputs": {
            "host": {
              "connectionName": "shared_sharepointonline_1",
              "operationId": "GetOnNewItems",
              "apiId": "/providers/Microsoft.PowerApps/apis/shared_sharepointonline"
            },
            "parameters": {
              "dataset": "@parameters('TSL Estate Team (cinsight_TSLEstateTeam)')",
              "table": "@parameters('Guest House Requests  (cinsight_GuestHouseRequests)')"
            },
            "authentication": "@parameters('$authentication')"
          }
        }
      },
      "actions": {
        "Send_an_email_to_requester": {
          "runAfter": {
            "Compose_Guest_House_Details-HRBP": [
              "Succeeded"
            ]
          },
          "metadata": {
            "operationMetadataId": "037f8f39-7f2e-4bf4-bb97-08bb67b4793a"
          },
          "type": "OpenApiConnection",
          "inputs": {
            "host": {
              "connectionName": "shared_office365_1",
              "operationId": "SendEmailV2",
              "apiId": "/providers/Microsoft.PowerApps/apis/shared_office365"
            },
            "parameters": {
              "emailMessage/To": "@outputs('Get_item')?['body/EmailAddress']",
              "emailMessage/Subject": "Accommodation Request Created Successfully:-@{outputs('Get_item')?['body/Guest_x0020_House_x0020_Booking_']}",
              "emailMessage/Body": "<p>Dear <strong>&nbsp;</strong><strong>@{outputs('Get_item')?['body/Title']}</strong><strong>.</strong><br>\n<br>\nWe are pleased to inform you that your accommodation request has been successfully created and is under review by your line manager.<br>\n<br>\nFind below the details of the request:<br>\n<br>\nFull Name:<strong> </strong><strong>@{outputs('Get_item')?['body/Title']}</strong><strong>.</strong><br>\nPhone Number: <strong></strong><strong>@{outputs('Get_item')?['body/Phone_x0020_Number']}</strong><strong>.</strong><br>\nBooking ID:<strong> </strong><strong>@{outputs('Get_item')?['body/Guest_x0020_House_x0020_Booking_']}</strong><strong>.</strong><br>\nNumber of Nights: <strong></strong><strong>@{outputs('Get_item')?['body/TotalNumberofNights']}</strong><strong>.</strong><br>\nArrival Location:<strong> </strong><strong>@{outputs('Get_item')?['body/ArrivalLocation/Value']}</strong><strong>.</strong><br>\nDate of Arrival:<strong> </strong><strong>@{outputs('Get_item')?['body/DateofArrival']}</strong><strong>.</strong><br>\nDeparture Date: <strong></strong><strong>@{outputs('Get_item')?['body/DateofDeparture']}</strong><strong>.</strong><br>\nLine Manager: <strong></strong><strong>@{outputs('Get_item')?['body/HRBP/DisplayName']}</strong><strong>.</strong><br>\nBooking for a staff: <strong></strong><strong>@{outputs('Get_item')?['body/BookingonBehalfofaStaff']}</strong><strong>.</strong><br>\n<br>\n<br>\n<br>\nRegards,<br>\n<br>\nTSL Estate.</p>",
              "emailMessage/Importance": "Normal"
            },
            "authentication": "@parameters('$authentication')"
          }
        },
        "Get_item": {
          "runAfter": {},
          "metadata": {
            "operationMetadataId": "1985a3d4-6682-4feb-86c3-4d97e7e96b7c"
          },
          "type": "OpenApiConnection",
          "inputs": {
            "host": {
              "connectionName": "shared_sharepointonline",
              "operationId": "GetItem",
              "apiId": "/providers/Microsoft.PowerApps/apis/shared_sharepointonline"
            },
            "parameters": {
              "dataset": "@parameters('TSL Estate Team (cinsight_TSLEstateTeam)')",
              "table": "@parameters('Guest House Requests  (cinsight_GuestHouseRequests)')",
              "id": "@triggerOutputs()?['body/ID']"
            },
            "authentication": "@parameters('$authentication')"
          }
        },
        "Compose_Guest_House_Details-HRBP": {
          "runAfter": {
            "Get_item": [
              "Succeeded"
            ]
          },
          "metadata": {
            "operationMetadataId": "62f82be0-26bc-43db-b515-da0b0b9b3303"
          },
          "type": "Compose",
          "inputs": "\nDear, @{outputs('Get_item')?['body/HRBP/DisplayName']}.\n\n\nWe would like to bring to inform you that @{outputs('Get_item')?['body/Title']} has submitted a request to utilize one of the guest houses. We kindly request your prompt approval before TSL Estate can fulfill the request. Your attention to this matter is greatly appreciated.\n\nPlease find below the details of the request:\n\nFull Name: @{outputs('Get_item')?['body/Title']}.\nPhone Number: @{outputs('Get_item')?['body/Phone_x0020_Number']}.\nBooking ID: @{outputs('Get_item')?['body/Guest_x0020_House_x0020_Booking_']}.\nNumber of Nights: @{outputs('Get_item')?['body/TotalNumberofNights']}.\nArrival Location: @{outputs('Get_item')?['body/ArrivalLocation/Value']}.\nDate of Arrival: @{outputs('Get_item')?['body/DateofArrival']}.\nDeparture Date: @{outputs('Get_item')?['body/DateofDeparture']}.\nLine Manager: @{outputs('Get_item')?['body/HRBP/DisplayName']}.\nBooking for a staff: @{outputs('Get_item')?['body/BookingonBehalfofaStaff']}.\n\n\nRegards,\n\nTSL Estate."
        },
        "Condition": {
          "actions": {
            "Inform_requester_of_approval": {
              "runAfter": {},
              "metadata": {
                "operationMetadataId": "20e33dba-8480-48fd-9a7a-727c795d4316"
              },
              "type": "OpenApiConnection",
              "inputs": {
                "host": {
                  "connectionName": "shared_office365_1",
                  "operationId": "SendEmailV2",
                  "apiId": "/providers/Microsoft.PowerApps/apis/shared_office365"
                },
                "parameters": {
                  "emailMessage/To": "@outputs('Get_item')?['body/EmailAddress']",
                  "emailMessage/Subject": "Accommodation Request Has Been Approved:-@{outputs('Get_item')?['body/Guest_x0020_House_x0020_Booking_']}",
                  "emailMessage/Body": "<p>Hello, <strong>@{outputs('Get_item')?['body/Title']}</strong><strong>.</strong><br>\n<br>\nWe are pleased to inform you that TSL Estate has approved your accommodation request.<br>\n<br>\n<br>\nApproved by: <strong></strong><strong>@{variables('ApproverName')}</strong><strong>.</strong><br>\nApproval Comment:<strong> </strong><strong>@{variables('Comment')}</strong><strong>.<br>\n</strong><br>\n<br>\n<br>\n<br>\nRegards,<br>\n<br>\nTSL Estate.</p>",
                  "emailMessage/Importance": "Normal"
                },
                "authentication": "@parameters('$authentication')"
              }
            },
            "Update_item_2": {
              "runAfter": {
                "Inform_requester_of_approval": [
                  "Succeeded"
                ]
              },
              "metadata": {
                "operationMetadataId": "b3751fc3-bfd3-4f26-83c3-4194005ba03e"
              },
              "type": "OpenApiConnection",
              "inputs": {
                "host": {
                  "connectionName": "shared_sharepointonline",
                  "operationId": "PatchItem",
                  "apiId": "/providers/Microsoft.PowerApps/apis/shared_sharepointonline"
                },
                "parameters": {
                  "dataset": "@parameters('TSL Estate Team (cinsight_TSLEstateTeam)')",
                  "table": "@parameters('Guest House Requests  (cinsight_GuestHouseRequests)')",
                  "id": "@outputs('Get_item')?['body/ID']",
                  "item/Status/Value": "Approved",
                  "item/Approved_x0020_By/Claims": "@variables('ApproverName')",
                  "item/Approval_x0020_Comment": "@variables('Comment')"
                },
                "authentication": "@parameters('$authentication')"
              }
            }
          },
          "runAfter": {
            "Apply_to_each_3": [
              "Succeeded"
            ]
          },
          "else": {
            "actions": {
              "Inform_requester_of_rejection": {
                "runAfter": {},
                "metadata": {
                  "operationMetadataId": "ec860c3f-4c1b-4440-9e50-d5423392305f"
                },
                "type": "OpenApiConnection",
                "inputs": {
                  "host": {
                    "connectionName": "shared_office365_1",
                    "operationId": "SendEmailV2",
                    "apiId": "/providers/Microsoft.PowerApps/apis/shared_office365"
                  },
                  "parameters": {
                    "emailMessage/To": "@outputs('Get_item')?['body/EmailAddress']",
                    "emailMessage/Subject": "Accommodation Request Was Rejected:-@{outputs('Get_item')?['body/Guest_x0020_House_x0020_Booking_']}",
                    "emailMessage/Body": "<p>Hello, <strong></strong><strong>@{outputs('Get_item')?['body/Title']}</strong><strong>.</strong><br>\n<br>\nWe regret to inform you that TSL Estate rejected your accommodation request with ID<strong> </strong><strong>@{outputs('Get_item')?['body/Guest_x0020_House_x0020_Booking_']}</strong><strong><br>\n</strong><br>\n<br>\nRejected by: <strong></strong><strong>@{variables('ApproverName')}</strong><strong>.</strong><br>\nHere is why: <strong>@{variables('Comment')}</strong><strong>.</strong><br>\n<br>\n<br>\n<br>\n<br>\nRegards,<br>\n<br>\nTSL Estate.</p>",
                    "emailMessage/Importance": "Normal"
                  },
                  "authentication": "@parameters('$authentication')"
                }
              },
              "Update_item": {
                "runAfter": {
                  "Inform_requester_of_rejection": [
                    "Succeeded"
                  ]
                },
                "metadata": {
                  "operationMetadataId": "b3751fc3-bfd3-4f26-83c3-4194005ba03e"
                },
                "type": "OpenApiConnection",
                "inputs": {
                  "host": {
                    "connectionName": "shared_sharepointonline",
                    "operationId": "PatchItem",
                    "apiId": "/providers/Microsoft.PowerApps/apis/shared_sharepointonline"
                  },
                  "parameters": {
                    "dataset": "@parameters('TSL Estate Team (cinsight_TSLEstateTeam)')",
                    "table": "@parameters('Guest House Requests  (cinsight_GuestHouseRequests)')",
                    "id": "@outputs('Get_item')?['body/ID']",
                    "item/Status/Value": "Rejected",
                    "item/Approved_x0020_By/Claims": "@variables('ApproverName')",
                    "item/Approval_x0020_Comment": "@variables('Comment')"
                  },
                  "authentication": "@parameters('$authentication')"
                }
              }
            }
          },
          "expression": {
            "equals": [
              "@outputs('Wait_for_an_approval')?['body/outcome']",
              "Approve"
            ]
          },
          "metadata": {
            "operationMetadataId": "e6676694-2992-4ea4-acf9-15b34f4f449c"
          },
          "type": "If"
        },
        "Create_an_approval": {
          "runAfter": {
            "Send_an_email_to_team_members": [
              "Succeeded"
            ]
          },
          "metadata": {
            "operationMetadataId": "1d45fba9-7db1-46a3-b4df-a8c10bcba6de"
          },
          "type": "OpenApiConnection",
          "inputs": {
            "host": {
              "connectionName": "shared_approvals",
              "operationId": "CreateAnApproval",
              "apiId": "/providers/Microsoft.PowerApps/apis/shared_approvals"
            },
            "parameters": {
              "approvalType": "Basic",
              "ApprovalCreationInput/title": "Approved Accommodation Request By @{outputs('Get_item')?['body/Title']}",
              "ApprovalCreationInput/assignedTo": "aoseragbaje@tsllimited.com;iosoria@tsllimited.com;cmadubuike@tsllimited.com;cibekwe@tsllimited.com;heze@tsllimited.com;",
              "ApprovalCreationInput/details": "@outputs('Compose_-Approval_details_')",
              "ApprovalCreationInput/requestor": "itadmin@tsllimited.com;",
              "ApprovalCreationInput/enableNotifications": true,
              "ApprovalCreationInput/enableReassignment": true
            },
            "authentication": "@parameters('$authentication')"
          }
        },
        "Wait_for_an_approval": {
          "runAfter": {
            "Initialize_variable_-_Approval_comment": [
              "Succeeded"
            ]
          },
          "metadata": {
            "operationMetadataId": "04e2d798-addf-4656-a29a-bd9c787186e6"
          },
          "type": "OpenApiConnectionWebhook",
          "inputs": {
            "host": {
              "connectionName": "shared_approvals",
              "operationId": "WaitForAnApproval",
              "apiId": "/providers/Microsoft.PowerApps/apis/shared_approvals"
            },
            "parameters": {
              "approvalName": "@outputs('Create_an_approval')?['body/name']"
            },
            "authentication": "@parameters('$authentication')"
          }
        },
        "Initialize_variable_-_Approval_Email": {
          "runAfter": {
            "Create_an_approval": [
              "Succeeded"
            ]
          },
          "metadata": {
            "operationMetadataId": "cfde23e8-2ce3-4c69-abe9-43851e5827b2"
          },
          "type": "InitializeVariable",
          "inputs": {
            "variables": [
              {
                "name": "ApprovalEmail",
                "type": "string"
              }
            ]
          }
        },
        "Apply_to_each_3": {
          "foreach": "@outputs('Wait_for_an_approval')?['body/responses']",
          "actions": {
            "Responsible_person_approval_comment_": {
              "runAfter": {},
              "metadata": {
                "operationMetadataId": "f3bacd77-1623-469d-bc7c-d548140b90ef"
              },
              "type": "SetVariable",
              "inputs": {
                "name": "Comment",
                "value": "@items('Apply_to_each_3')?['comments']"
              }
            },
            "Set_variable": {
              "runAfter": {
                "Responsible_person_approval_comment_": [
                  "Succeeded"
                ]
              },
              "metadata": {
                "operationMetadataId": "70326fec-475c-427a-b477-7f18e9bb007d"
              },
              "type": "SetVariable",
              "inputs": {
                "name": "ApproverName",
                "value": "@items('Apply_to_each_3')?['responder/displayName']"
              }
            }
          },
          "runAfter": {
            "Wait_for_an_approval": [
              "Succeeded"
            ]
          },
          "metadata": {
            "operationMetadataId": "75ea589e-d0ed-4ca5-8997-c9350df4fb5a"
          },
          "type": "Foreach"
        },
        "Initialize_variable_-_Approver": {
          "runAfter": {
            "Initialize_variable_-_Approval_Email": [
              "Succeeded"
            ]
          },
          "metadata": {
            "operationMetadataId": "cfde23e8-2ce3-4c69-abe9-43851e5827b2"
          },
          "type": "InitializeVariable",
          "inputs": {
            "variables": [
              {
                "name": "ApproverName",
                "type": "string"
              }
            ]
          }
        },
        "Initialize_variable_-_Approval_comment": {
          "runAfter": {
            "Initialize_variable_-_Approver": [
              "Succeeded"
            ]
          },
          "metadata": {
            "operationMetadataId": "a0f29446-8caa-4cc6-94bd-3aeb1f8c9f11"
          },
          "type": "InitializeVariable",
          "inputs": {
            "variables": [
              {
                "name": "Comment",
                "type": "string"
              }
            ]
          }
        },
        "Compose": {
          "runAfter": {
            "Terminate": [
              "Succeeded"
            ]
          },
          "metadata": {
            "operationMetadataId": "cf0d56ad-d641-4a58-b9a5-201f1a1b64ff"
          },
          "type": "Compose",
          "inputs": "Create item on respective subsites"
        },
        "Switch": {
          "runAfter": {
            "Compose": [
              "Succeeded"
            ]
          },
          "cases": {
            "Case": {
              "case": "CCOL",
              "actions": {}
            },
            "Case_2": {
              "case": "TSL",
              "actions": {
                "Condition_2": {
                  "actions": {
                    "Create_item_3": {
                      "runAfter": {},
                      "metadata": {
                        "operationMetadataId": "3cefbc2b-d1e7-4d00-8c88-1a2d0a0121f7"
                      },
                      "type": "OpenApiConnection",
                      "inputs": {
                        "host": {
                          "connectionName": "shared_sharepointonline",
                          "operationId": "PostItem",
                          "apiId": "/providers/Microsoft.PowerApps/apis/shared_sharepointonline"
                        },
                        "parameters": {
                          "dataset": "https://tsltransport.sharepoint.com/sites/TSLEstateTeam/tslestatesbackend",
                          "table": "9ec22779-e8e5-454d-baba-d03d492d527b",
                          "item/LastName": "@outputs('Get_item')?['body/LastName']",
                          "item/Department/Value": "@outputs('Update_item_2')?['body/Department/Value']",
                          "item/EmailAddress": "@outputs('Get_item')?['body/EmailAddress']",
                          "item/WorkLocation/Value": "@outputs('Get_item')?['body/WorkLocation/Value']",
                          "item/CategoryofRequest/Value": "@outputs('Get_item')?['body/CategoryofRequest/Value']",
                          "item/RequestDetail": "@outputs('Get_item')?['body/RequestDetail']",
                          "item/Quantity": "@outputs('Get_item')?['body/Quantity']",
                          "item/RequestDate": "@outputs('Get_item')?['body/RequestDate']",
                          "item/PreferredCloseOutDate": "@outputs('Get_item')?['body/PreferredCloseOutDate']",
                          "item/Company/Value": "TSL",
                          "item/Status/Value": "Approved",
                          "item/Approver/Claims": "@variables('ApproverName')",
                          "item/Approval_x0020_Comment": "@variables('Comment')"
                        },
                        "authentication": "@parameters('$authentication')"
                      }
                    }
                  },
                  "runAfter": {},
                  "else": {
                    "actions": {
                      "Create_item": {
                        "runAfter": {},
                        "metadata": {
                          "operationMetadataId": "44599452-1520-4c51-b787-465c1b4c6624"
                        },
                        "type": "OpenApiConnection",
                        "inputs": {
                          "host": {
                            "connectionName": "shared_sharepointonline",
                            "operationId": "PostItem",
                            "apiId": "/providers/Microsoft.PowerApps/apis/shared_sharepointonline"
                          },
                          "parameters": {
                            "dataset": "https://tsltransport.sharepoint.com/sites/TSLEstateTeam/tslestatesbackend",
                            "table": "9ec22779-e8e5-454d-baba-d03d492d527b",
                            "item/LastName": "@outputs('Get_item')?['body/LastName']",
                            "item/Department/Value": "@outputs('Update_item_2')?['body/Department/Value']",
                            "item/EmailAddress": "@outputs('Get_item')?['body/EmailAddress']",
                            "item/WorkLocation/Value": "@outputs('Get_item')?['body/WorkLocation/Value']",
                            "item/CategoryofRequest/Value": "@outputs('Get_item')?['body/CategoryofRequest/Value']",
                            "item/RequestDetail": "@outputs('Get_item')?['body/RequestDetail']",
                            "item/Quantity": "@outputs('Get_item')?['body/Quantity']",
                            "item/RequestDate": "@outputs('Get_item')?['body/RequestDate']",
                            "item/PreferredCloseOutDate": "@outputs('Get_item')?['body/PreferredCloseOutDate']",
                            "item/Company/Value": "TSL",
                            "item/Status/Value": "Rejected",
                            "item/Approver/Claims": "@variables('ApproverName')",
                            "item/Approval_x0020_Comment": "@variables('Comment')"
                          },
                          "authentication": "@parameters('$authentication')"
                        }
                      }
                    }
                  },
                  "expression": {
                    "equals": [
                      "@outputs('Wait_for_an_approval')?['body/outcome']",
                      "Approve"
                    ]
                  },
                  "metadata": {
                    "operationMetadataId": "92d04d2e-b721-4d40-8598-e064b18b8407"
                  },
                  "type": "If"
                }
              }
            },
            "Case_3": {
              "case": "IASL",
              "actions": {}
            },
            "Case_4": {
              "case": "TML",
              "actions": {}
            }
          },
          "default": {
            "actions": {}
          },
          "expression": "@outputs('Get_item')?['body/Company/Value']",
          "metadata": {
            "operationMetadataId": "c4de764a-5c48-4557-8455-324cca5daba4"
          },
          "type": "Switch"
        },
        "Terminate": {
          "runAfter": {
            "Condition": [
              "Succeeded"
            ]
          },
          "metadata": {
            "operationMetadataId": "67cb1b7e-728d-4486-901a-6c0345d6c11e"
          },
          "type": "Terminate",
          "inputs": {
            "runStatus": "Succeeded"
          }
        },
        "Start_and_wait_for_an_approval_-_HRBP": {
          "runAfter": {
            "Send_an_email_to_line_manager": [
              "Succeeded"
            ]
          },
          "metadata": {
            "operationMetadataId": "5be74a75-19c8-47dc-a262-e80e47f20d62"
          },
          "type": "OpenApiConnectionWebhook",
          "inputs": {
            "host": {
              "connectionName": "shared_approvals",
              "operationId": "StartAndWaitForAnApproval",
              "apiId": "/providers/Microsoft.PowerApps/apis/shared_approvals"
            },
            "parameters": {
              "approvalType": "Basic",
              "WebhookApprovalCreationInput/title": "New Guest House Booking Request By @{outputs('Get_item')?['body/Title']}",
              "WebhookApprovalCreationInput/assignedTo": "@{outputs('Get_item')?['body/HRBP/Email']};",
              "WebhookApprovalCreationInput/details": "@outputs('Compose_Guest_House_Details-HRBP')",
              "WebhookApprovalCreationInput/requestor": "itadmin@tsllimited.com;",
              "WebhookApprovalCreationInput/enableNotifications": true,
              "WebhookApprovalCreationInput/enableReassignment": true
            },
            "authentication": "@parameters('$authentication')"
          }
        },
        "Compose_2": {
          "runAfter": {
            "Initialize_variable_Approval_name": [
              "Succeeded"
            ]
          },
          "metadata": {
            "operationMetadataId": "7f239ffe-c234-4c57-bb27-061049037068"
          },
          "type": "Compose",
          "inputs": "Send request to team"
        },
        "Initialize_variable_-_HRBP_Approval_Response": {
          "runAfter": {
            "Initialize_variable_-_HRBP_Approval_Comment": [
              "Succeeded"
            ]
          },
          "metadata": {
            "operationMetadataId": "b2eb5f71-f0c7-47cb-a72d-5027791f4ac1"
          },
          "type": "InitializeVariable",
          "inputs": {
            "variables": [
              {
                "name": "HRBPApprovalResponse",
                "type": "string"
              }
            ]
          }
        },
        "Initialize_variable_-_HRBP_Approval_Comment": {
          "runAfter": {
            "Start_and_wait_for_an_approval_-_HRBP": [
              "Succeeded"
            ]
          },
          "metadata": {
            "operationMetadataId": "b2eb5f71-f0c7-47cb-a72d-5027791f4ac1"
          },
          "type": "InitializeVariable",
          "inputs": {
            "variables": [
              {
                "name": "HRBPApprovalComment",
                "type": "string"
              }
            ]
          }
        },
        "Compose_-Approval_details_": {
          "runAfter": {
            "Apply_to_each": [
              "Succeeded"
            ]
          },
          "metadata": {
            "operationMetadataId": "2343dc9b-74cc-4571-9d73-5a65c4ab94c2"
          },
          "type": "Compose",
          "inputs": "Dear, Team.\n\nThis is to notify you that a new accommodation request from @{outputs('Get_item')?['body/Title']} has been created and approved by his/her line manager.\n\nPlease find the details of the approval request below and approve accordingly:\n\nLine Manager: @{variables('HRBP_Approval_Name')}.\nLine Manager Email Address: @{variables('HRBP_Approver_Email')}.\nApproval Comment:@{variables('HRBPApprovalComment')}\n\nRegards,\n\nTSL Estate\n"
        },
        "Initialize_variable_-_HRBP_Approver_email": {
          "runAfter": {
            "Initialize_variable_-_HRBP_Approval_Response": [
              "Succeeded"
            ]
          },
          "metadata": {
            "operationMetadataId": "b2eb5f71-f0c7-47cb-a72d-5027791f4ac1"
          },
          "type": "InitializeVariable",
          "inputs": {
            "variables": [
              {
                "name": "HRBP_Approver_Email",
                "type": "string"
              }
            ]
          }
        },
        "Apply_to_each": {
          "foreach": "@outputs('Start_and_wait_for_an_approval_-_HRBP')?['body/responses']",
          "actions": {
            "HRBP_Approval_Name": {
              "runAfter": {},
              "metadata": {
                "operationMetadataId": "7716ff2e-8660-451f-b219-6a3e245631b8"
              },
              "type": "SetVariable",
              "inputs": {
                "name": "HRBP_Approval_Name",
                "value": "@items('Apply_to_each')?['responder/displayName']"
              }
            },
            "HRBP_Approval_Response": {
              "runAfter": {
                "HRBP_Approval_Name": [
                  "Succeeded"
                ]
              },
              "metadata": {
                "operationMetadataId": "a29bc9fa-8c11-4231-8851-71f38bc71db3"
              },
              "type": "SetVariable",
              "inputs": {
                "name": "HRBPApprovalResponse",
                "value": "@outputs('Start_and_wait_for_an_approval_-_HRBP')?['body/outcome']"
              }
            },
            "HRBP_Approval_Comment": {
              "runAfter": {
                "HRBP_Approval_Response": [
                  "Succeeded"
                ]
              },
              "metadata": {
                "operationMetadataId": "0db5801a-deba-46ef-b902-ed87f8637355"
              },
              "type": "SetVariable",
              "inputs": {
                "name": "HRBPApprovalComment",
                "value": "@items('Apply_to_each')?['comments']"
              }
            },
            "HRBP_Approval_Email": {
              "runAfter": {
                "HRBP_Approval_Comment": [
                  "Succeeded"
                ]
              },
              "metadata": {
                "operationMetadataId": "68b0a739-82ad-4b25-81c3-74152540064a"
              },
              "type": "SetVariable",
              "inputs": {
                "name": "HRBP_Approver_Email",
                "value": "@items('Apply_to_each')?['responder/email']"
              }
            }
          },
          "runAfter": {
            "Compose_2": [
              "Succeeded"
            ]
          },
          "metadata": {
            "operationMetadataId": "61b58c16-7b14-4216-aad6-2fd7c62002e6"
          },
          "type": "Foreach"
        },
        "Initialize_variable_Approval_name": {
          "runAfter": {
            "Initialize_variable_-_HRBP_Approver_email": [
              "Succeeded"
            ]
          },
          "metadata": {
            "operationMetadataId": "e0314f38-b986-4d8f-a550-ce0b8ea902f9"
          },
          "type": "InitializeVariable",
          "inputs": {
            "variables": [
              {
                "name": "HRBP_Approval_Name",
                "type": "string"
              }
            ]
          }
        },
        "Condition_-_notify_requester_of_HRBP_Approval_request_responses": {
          "actions": {
            "Update_item_4": {
              "runAfter": {
                "Notify_requester_HRBP_approval_outcome__2": [
                  "Succeeded"
                ]
              },
              "metadata": {
                "operationMetadataId": "b3751fc3-bfd3-4f26-83c3-4194005ba03e"
              },
              "type": "OpenApiConnection",
              "inputs": {
                "host": {
                  "connectionName": "shared_sharepointonline",
                  "operationId": "PatchItem",
                  "apiId": "/providers/Microsoft.PowerApps/apis/shared_sharepointonline"
                },
                "parameters": {
                  "dataset": "@parameters('TSL Estate Team (cinsight_TSLEstateTeam)')",
                  "table": "@parameters('Guest House Requests  (cinsight_GuestHouseRequests)')",
                  "id": "@outputs('Get_item')?['body/ID']",
                  "item/HRBP/Claims": "@variables('HRBP_Approval_Name')",
                  "item/HRBP_x0020_Approval_x0020_Respon": "@variables('HRBPApprovalResponse')",
                  "item/HRBP_x0020_Approval_x0020_Commen": "@variables('HRBPApprovalComment')"
                },
                "authentication": "@parameters('$authentication')"
              }
            },
            "Notify_requester_HRBP_approval_outcome__2": {
              "runAfter": {},
              "metadata": {
                "operationMetadataId": "b1507ab3-2acc-4485-9bf8-98ec0dc6e8b9"
              },
              "type": "OpenApiConnection",
              "inputs": {
                "host": {
                  "connectionName": "shared_office365_1",
                  "operationId": "SendEmailV2",
                  "apiId": "/providers/Microsoft.PowerApps/apis/shared_office365"
                },
                "parameters": {
                  "emailMessage/To": "@outputs('Get_item')?['body/EmailAddress']",
                  "emailMessage/Subject": "Approved Guest House Booking Request:- @{variables('HRBPApprovalResponse')}",
                  "emailMessage/Body": "<p>Hello, <strong>@{outputs('Get_item')?['body/Title']}</strong><strong>.</strong><br>\n<br>\nWe are pleased to inform you that your Line Manager has approved your accommodation request.<br>\n<br>\nPlease find the details of the approval request below:<br>\n<br>\nLine Manager:<strong> </strong><strong>@{variables('HRBP_Approval_Name')}</strong><strong>.</strong><br>\nEmail Address: <strong></strong><strong>@{variables('HRBP_Approver_Email')}</strong><strong>.</strong><br>\nBooking ID: <strong>@{outputs('Get_item')?['body/Guest_x0020_House_x0020_Booking_']}</strong><strong>.</strong><br>\nApproval Comment:<strong></strong><strong>@{variables('HRBPApprovalComment')}</strong><strong>.</strong><br>\n<br>\n<br>\nShould you have further inquiries or require additional information, please feel free to reach out to TSL Estate or your Line Manager.<br>\n<br>\nRegards,<br>\n<br>\nTSL Estate.<br>\n</p>",
                  "emailMessage/Importance": "Normal"
                },
                "authentication": "@parameters('$authentication')"
              }
            }
          },
          "runAfter": {
            "Compose_-Approval_details_": [
              "Succeeded"
            ]
          },
          "else": {
            "actions": {
              "Update_item_3": {
                "runAfter": {
                  "Notify_requester_HRBP_approval_outcome_-_rejection": [
                    "Succeeded"
                  ]
                },
                "metadata": {
                  "operationMetadataId": "b3751fc3-bfd3-4f26-83c3-4194005ba03e"
                },
                "type": "OpenApiConnection",
                "inputs": {
                  "host": {
                    "connectionName": "shared_sharepointonline",
                    "operationId": "PatchItem",
                    "apiId": "/providers/Microsoft.PowerApps/apis/shared_sharepointonline"
                  },
                  "parameters": {
                    "dataset": "@parameters('TSL Estate Team (cinsight_TSLEstateTeam)')",
                    "table": "@parameters('Guest House Requests  (cinsight_GuestHouseRequests)')",
                    "id": "@outputs('Get_item')?['body/ID']",
                    "item/HRBP/Claims": "@variables('HRBP_Approval_Name')",
                    "item/HRBP_x0020_Approval_x0020_Respon": "@variables('HRBPApprovalResponse')",
                    "item/HRBP_x0020_Approval_x0020_Commen": "@variables('HRBPApprovalComment')"
                  },
                  "authentication": "@parameters('$authentication')"
                }
              },
              "Notify_requester_HRBP_approval_outcome_-_rejection": {
                "runAfter": {},
                "metadata": {
                  "operationMetadataId": "b1507ab3-2acc-4485-9bf8-98ec0dc6e8b9"
                },
                "type": "OpenApiConnection",
                "inputs": {
                  "host": {
                    "connectionName": "shared_office365_1",
                    "operationId": "SendEmailV2",
                    "apiId": "/providers/Microsoft.PowerApps/apis/shared_office365"
                  },
                  "parameters": {
                    "emailMessage/To": "@outputs('Get_item')?['body/EmailAddress']",
                    "emailMessage/Subject": "Rejected Guest House Booking Request:-@{variables('HRBPApprovalResponse')}",
                    "emailMessage/Body": "<p>Hello, @{outputs('Get_item')?['body/Title']}.<br>\n<br>\nWe regret to inform you that your Line Manager rejected your accommodation request.<br>\n<br>\nPlease find the details of the approval response below:<br>\n<br>\nRejected By:<strong> </strong><strong>@{variables('HRBP_Approval_Name')}</strong><strong>.</strong><br>\nEmail Address:<strong> </strong><strong>@{variables('HRBP_Approver_Email')}</strong><strong>.<br>\n</strong>Booking ID:<strong> </strong><strong>@{outputs('Get_item')?['body/Guest_x0020_House_x0020_Booking_']}</strong><strong>.<br>\n</strong>Approval Comment:<strong></strong><strong>@{variables('HRBPApprovalComment')}</strong><strong>.<br>\n</strong><br>\n<br>\nShould you have further inquiries or require additional information, please feel free to reach out to the estate team or your Line Manager.<br>\n<br>\n<br>\nRegards,<br>\n<br>\nTSL Estate.<br>\n</p>",
                    "emailMessage/Importance": "Normal"
                  },
                  "authentication": "@parameters('$authentication')"
                }
              }
            }
          },
          "expression": {
            "equals": [
              "@outputs('Start_and_wait_for_an_approval_-_HRBP')?['body/outcome']",
              "Approve"
            ]
          },
          "metadata": {
            "operationMetadataId": "e6676694-2992-4ea4-acf9-15b34f4f449c"
          },
          "type": "If"
        },
        "Send_an_email_to_team_members": {
          "runAfter": {
            "Condition_-_notify_requester_of_HRBP_Approval_request_responses": [
              "Succeeded"
            ]
          },
          "metadata": {
            "operationMetadataId": "b74a33ac-6918-400a-bb0e-384eaad9855d"
          },
          "type": "OpenApiConnection",
          "inputs": {
            "host": {
              "connectionName": "shared_office365_1",
              "operationId": "SendEmailV2",
              "apiId": "/providers/Microsoft.PowerApps/apis/shared_office365"
            },
            "parameters": {
              "emailMessage/To": "cibekwe@tsllimited.com;cmadubuike@tsllimited.com;iosoria@tsllimited.com;aoseragbaje@tsllimited.com;TSLEstateTeam@tsllimited.com",
              "emailMessage/Subject": "New Accommodation Request -: @{outputs('Get_item')?['body/Guest_x0020_House_x0020_Booking_']}",
              "emailMessage/Body": "<p>Hello, Team.<br>\n<br>\nThis is to notify you that <strong>&nbsp;</strong><strong>@{outputs('Get_item')?['body/Title']}</strong><strong></strong> has successfully created a new accommodation request and it has been approved by his/her Line Manager.<br>\n<br>\nKindly check your approval services via Microsoft Teams channel or Outlook to approve the request.<br>\n<br>\nPlease find additional information about the request below:<br>\n<br>\nFull Name:<strong> </strong><strong>@{outputs('Get_item')?['body/Title']}</strong><strong>.<br>\n</strong>Phone Number:<strong> </strong><strong>@{outputs('Get_item')?['body/Phone_x0020_Number']}</strong><strong>.<br>\n</strong>Number of Nights:<strong> </strong><strong>@{outputs('Get_item')?['body/TotalNumberofNights']}</strong><strong>.<br>\n</strong>Arrival Location:<strong> </strong><strong>@{outputs('Get_item')?['body/ArrivalLocation/Value']}</strong><strong>.<br>\n</strong>Date of Arrival: <strong></strong><strong>@{outputs('Get_item')?['body/DateofArrival']}</strong><strong>.<br>\n</strong>Departure Date:<strong> </strong><strong>@{outputs('Get_item')?['body/DateofDeparture']}</strong><strong>.<br>\n</strong>Line Manager:<strong> </strong><strong>@{variables('HRBP_Approval_Name')}</strong><strong>.<br>\n</strong>Email Address:<strong> </strong><strong>@{variables('HRBP_Approver_Email')}</strong><strong>.<br>\n</strong>Approval Oucome:<strong> </strong><strong>@{variables('HRBPApprovalResponse')}</strong><strong>.</strong><br>\nBooking ID:<strong> </strong><strong>@{outputs('Get_item')?['body/Guest_x0020_House_x0020_Booking_']}</strong><strong>.</strong><br>\nLine Manager Approval Comment<strong>:</strong><strong>@{variables('HRBPApprovalComment')}</strong><strong>.</strong><br>\n<br>\n<br>\n<br>\nRegards,<br>\n<br>\nTSL Estate.</p>",
              "emailMessage/Importance": "Normal"
            },
            "authentication": "@parameters('$authentication')"
          }
        },
        "Send_an_email_to_line_manager": {
          "runAfter": {
            "Send_an_email_to_requester": [
              "Succeeded"
            ]
          },
          "metadata": {
            "operationMetadataId": "037f8f39-7f2e-4bf4-bb97-08bb67b4793a"
          },
          "type": "OpenApiConnection",
          "inputs": {
            "host": {
              "connectionName": "shared_office365_1",
              "operationId": "SendEmailV2",
              "apiId": "/providers/Microsoft.PowerApps/apis/shared_office365"
            },
            "parameters": {
              "emailMessage/To": "@outputs('Get_item')?['body/HRBP/Email']",
              "emailMessage/Subject": "Accommodation Request Approval Notification",
              "emailMessage/Body": "<p>Dear <strong>&nbsp;</strong><strong>@{outputs('Get_item')?['body/HRBP/DisplayName']}</strong><strong>.</strong><br>\n<br>\nThis is to notify you that <strong></strong><strong>@{outputs('Get_item')?['body/Title']}</strong><strong></strong> has lodged a new accommodation request awaiting your approval.<br>\n<br>\nThe approval request has been sent to you via Microsoft Teams channel and Outlook. Kindly approve this request using either of the services.<br>\n<br>\nPlease find below the details of the request:<br>\n<br>\nFull Name:<strong> </strong><strong>@{outputs('Get_item')?['body/Title']}</strong><strong>.<br>\n</strong>Phone Number:<strong> </strong><strong>@{outputs('Get_item')?['body/Phone_x0020_Number']}</strong><strong>.<br>\n</strong>Booking ID:<strong> </strong><strong>@{outputs('Get_item')?['body/Guest_x0020_House_x0020_Booking_']}</strong><strong>.<br>\n</strong>Number of Nights:<strong> </strong><strong>@{outputs('Get_item')?['body/TotalNumberofNights']}</strong><strong>.</strong><br>\nArrival Location: <strong></strong><strong>@{outputs('Get_item')?['body/ArrivalLocation/Value']}</strong><strong>.</strong><br>\nDate of Arrival: <strong></strong><strong>@{outputs('Get_item')?['body/DateofArrival']}</strong><strong>.</strong><br>\nDeparture Date:<strong> </strong><strong>@{outputs('Get_item')?['body/DateofDeparture']}</strong><strong>.<br>\n</strong>Line Manager:<strong> </strong><strong>@{outputs('Get_item')?['body/HRBP/DisplayName']}</strong><strong>.<br>\n</strong>Booking for a staff: <strong></strong><strong>@{outputs('Get_item')?['body/BookingonBehalfofaStaff']}</strong><strong>.<br>\n</strong><br>\n<br>\n<br>\nRegards,<br>\n<br>\nTSL Estate.</p>",
              "emailMessage/Importance": "Normal"
            },
            "authentication": "@parameters('$authentication')"
          }
        }
      }
    },
    "templateName": ""
  },
  "schemaVersion": "1.0.0.0"
}