{
  "properties": {
    "connectionReferences": {
      "shared_sharepointonline": {
        "runtimeSource": "invoker",
        "connection": {
          "connectionReferenceLogicalName": "new_sharedsharepointonline_88627"
        },
        "api": {
          "name": "shared_sharepointonline"
        }
      },
      "shared_office365_1": {
        "runtimeSource": "invoker",
        "connection": {
          "connectionReferenceLogicalName": "new_sharedoffice365_03a01"
        },
        "api": {
          "name": "shared_office365"
        }
      }
    },
    "definition": {
      "$schema": "https://schema.management.azure.com/providers/Microsoft.Logic/schemas/2016-06-01/workflowdefinition.json#",
      "contentVersion": "1.0.0.0",
      "parameters": {
        "$connections": {
          "defaultValue": {},
          "type": "Object"
        },
        "$authentication": {
          "defaultValue": {},
          "type": "SecureObject"
        },
        "TSL Estate Team (cinsight_TSLEstateTeam)": {
          "defaultValue": "https://tsltransport.sharepoint.com/sites/TSLEstateTeam",
          "type": "String",
          "metadata": {
            "schemaName": "cinsight_TSLEstateTeam",
            "description": "This environment variable serves as the data source for Estate Manager "
          }
        },
        "New Trip Request (cinsight_NewTripRequest)": {
          "defaultValue": "eab6a1b8-e848-4005-95d8-d0f36fa6f102",
          "type": "String",
          "metadata": {
            "schemaName": "cinsight_NewTripRequest",
            "description": "This environmental variable is for Estate Manager to manage new trip requests"
          }
        }
      },
      "triggers": {
        "manual": {
          "metadata": {
            "operationMetadataId": "61c63c4d-9288-41ca-b25d-efd322811d9a"
          },
          "type": "Request",
          "kind": "PowerApp",
          "inputs": {
            "schema": {
              "type": "object",
              "properties": {
                "Initializevariable-fullname_Value": {
                  "type": "string",
                  "description": "Enter initial value",
                  "x-ms-powerflows-param-ispartial": false
                },
                "Initializevariable-emailaddress_Value": {
                  "type": "string",
                  "description": "Enter initial value",
                  "x-ms-powerflows-param-ispartial": false
                },
                "Initializevariable-department_Value": {
                  "type": "string",
                  "description": "Enter initial value",
                  "x-ms-powerflows-param-ispartial": false
                },
                "Initializevariable-company_Value": {
                  "type": "string",
                  "description": "Enter initial value",
                  "x-ms-powerflows-param-ispartial": false
                },
                "Initializevariable-triptype_Value": {
                  "type": "string",
                  "description": "Enter initial value",
                  "x-ms-powerflows-param-ispartial": false
                },
                "Initializevariable-extrapassenger_Value": {
                  "type": "string",
                  "description": "Enter initial value",
                  "x-ms-powerflows-param-ispartial": false
                },
                "Initializevariable-vehicletype_Value": {
                  "type": "string",
                  "description": "Enter initial value",
                  "x-ms-powerflows-param-ispartial": false
                },
                "Initializevariable-numberofpassengers_Value": {
                  "type": "integer",
                  "description": "Enter initial value",
                  "x-ms-powerflows-param-ispartial": false
                },
                "Initializevariable-namesofpassengers_Value": {
                  "type": "string",
                  "description": "Enter initial value",
                  "x-ms-powerflows-param-ispartial": false
                },
                "Initializevariable-pickuplocation_Value": {
                  "type": "string",
                  "description": "Enter initial value",
                  "x-ms-powerflows-param-ispartial": false
                },
                "Initializevariable-LineManagerEmailAddress_Value": {
                  "type": "string",
                  "description": "Enter initial value",
                  "x-ms-powerflows-param-ispartial": false
                },
                "Initializevariable-pickupdate_Value": {
                  "type": "string",
                  "description": "Enter initial value",
                  "x-ms-powerflows-param-ispartial": false
                },
                "Initializevariable-pickuptime_Value": {
                  "type": "string",
                  "description": "Enter initial value",
                  "x-ms-powerflows-param-ispartial": false
                },
                "Initializevariable-dropofflocation_Value": {
                  "type": "string",
                  "description": "Enter initial value",
                  "x-ms-powerflows-param-ispartial": false
                },
                "Initializevariable-reasonfortrip_Value": {
                  "type": "string",
                  "description": "Enter initial value",
                  "x-ms-powerflows-param-ispartial": false
                }
              },
              "required": [
                "Initializevariable-fullname_Value",
                "Initializevariable-emailaddress_Value",
                "Initializevariable-department_Value",
                "Initializevariable-company_Value",
                "Initializevariable-triptype_Value",
                "Initializevariable-extrapassenger_Value",
                "Initializevariable-vehicletype_Value",
                "Initializevariable-numberofpassengers_Value",
                "Initializevariable-namesofpassengers_Value",
                "Initializevariable-pickuplocation_Value",
                "Initializevariable-LineManagerEmailAddress_Value",
                "Initializevariable-pickupdate_Value",
                "Initializevariable-pickuptime_Value",
                "Initializevariable-dropofflocation_Value",
                "Initializevariable-reasonfortrip_Value"
              ]
            }
          }
        }
      },
      "actions": {
        "Initialize_variable_-_full_name": {
          "runAfter": {},
          "metadata": {
            "operationMetadataId": "544998c1-8fe5-4dce-a934-ef42e79a210f"
          },
          "type": "InitializeVariable",
          "inputs": {
            "variables": [
              {
                "name": "full_name",
                "type": "string",
                "value": "@{triggerBody()['Initializevariable-fullname_Value']}"
              }
            ]
          }
        },
        "Initialize_variable_-_email_address": {
          "runAfter": {
            "Initialize_variable_-_full_name": [
              "Succeeded"
            ]
          },
          "metadata": {
            "operationMetadataId": "6ac4c9fe-1c9c-4d9f-aa18-605c430011e2"
          },
          "type": "InitializeVariable",
          "inputs": {
            "variables": [
              {
                "name": "Email_address",
                "type": "string",
                "value": "@{triggerBody()['Initializevariable-emailaddress_Value']}"
              }
            ]
          }
        },
        "Initialize_variable_-_department": {
          "runAfter": {
            "Initialize_variable_-_email_address": [
              "Succeeded"
            ]
          },
          "metadata": {
            "operationMetadataId": "9a72483e-e23c-4149-b212-90966fa7a5f5"
          },
          "type": "InitializeVariable",
          "inputs": {
            "variables": [
              {
                "name": "Department",
                "type": "string",
                "value": "@{triggerBody()['Initializevariable-department_Value']}"
              }
            ]
          }
        },
        "Initialize_variable_-_company": {
          "runAfter": {
            "Initialize_variable_-_department": [
              "Succeeded"
            ]
          },
          "metadata": {
            "operationMetadataId": "93d459b5-5dbe-4d52-acb0-a2b8ee4188d5"
          },
          "type": "InitializeVariable",
          "inputs": {
            "variables": [
              {
                "name": "Company",
                "type": "string",
                "value": "@{triggerBody()['Initializevariable-company_Value']}"
              }
            ]
          }
        },
        "Initialize_variable_-_trip_type": {
          "runAfter": {
            "Initialize_variable_-_company": [
              "Succeeded"
            ]
          },
          "metadata": {
            "operationMetadataId": "3da9e487-cedf-4b28-86f0-594cbd6c519e"
          },
          "type": "InitializeVariable",
          "inputs": {
            "variables": [
              {
                "name": "Trip_type",
                "type": "string",
                "value": "@{triggerBody()['Initializevariable-triptype_Value']}"
              }
            ]
          }
        },
        "Initialize_variable_-_extra_passenger": {
          "runAfter": {
            "Initialize_variable_-_trip_type": [
              "Succeeded"
            ]
          },
          "metadata": {
            "operationMetadataId": "d37e1754-03c4-4c96-9fae-1b1f9e2c5c8c"
          },
          "type": "InitializeVariable",
          "inputs": {
            "variables": [
              {
                "name": "Extra_passenger",
                "type": "string",
                "value": "@{triggerBody()['Initializevariable-extrapassenger_Value']}"
              }
            ]
          }
        },
        "Initialize_variable_-_vehicle_type": {
          "runAfter": {
            "Initialize_variable_-_extra_passenger": [
              "Succeeded"
            ]
          },
          "metadata": {
            "operationMetadataId": "e16253ad-969b-4894-ade3-22fc3303ff82"
          },
          "type": "InitializeVariable",
          "inputs": {
            "variables": [
              {
                "name": "Vehicle_type",
                "type": "string",
                "value": "@{triggerBody()['Initializevariable-vehicletype_Value']}"
              }
            ]
          }
        },
        "Initialize_variable_-_number_of_passengers": {
          "runAfter": {
            "Initialize_variable_-_vehicle_type": [
              "Succeeded"
            ]
          },
          "metadata": {
            "operationMetadataId": "ede915fe-5d4e-40ad-bfd2-f60f666783b4"
          },
          "type": "InitializeVariable",
          "inputs": {
            "variables": [
              {
                "name": "Number_of_passengers",
                "type": "integer",
                "value": "@triggerBody()['Initializevariable-numberofpassengers_Value']"
              }
            ]
          }
        },
        "Initialize_variable_-_names_of_passengers": {
          "runAfter": {
            "Initialize_variable_-_number_of_passengers": [
              "Succeeded"
            ]
          },
          "metadata": {
            "operationMetadataId": "5e2fb28d-e983-45bb-8834-f6ce5f594537"
          },
          "type": "InitializeVariable",
          "inputs": {
            "variables": [
              {
                "name": "Names_of_passengers",
                "type": "string",
                "value": "@{triggerBody()['Initializevariable-namesofpassengers_Value']}"
              }
            ]
          }
        },
        "Initialize_variable_-_pick_up_location": {
          "runAfter": {
            "Initialize_variable_-_names_of_passengers": [
              "Succeeded"
            ]
          },
          "metadata": {
            "operationMetadataId": "0c3c60c6-8dae-4235-a7bf-0568d3217711"
          },
          "type": "InitializeVariable",
          "inputs": {
            "variables": [
              {
                "name": "Pick_up_location",
                "type": "string",
                "value": "@{triggerBody()['Initializevariable-pickuplocation_Value']}"
              }
            ]
          }
        },
        "Initialize_variable_-_Line_Manager_Email_Address": {
          "runAfter": {
            "Initialize_variable_-_pick_up_location": [
              "Succeeded"
            ]
          },
          "metadata": {
            "operationMetadataId": "55c4043e-2e15-4550-8793-9d51f1ab84ee"
          },
          "type": "InitializeVariable",
          "inputs": {
            "variables": [
              {
                "name": "Line_Manager_Email",
                "type": "string",
                "value": "@{triggerBody()['Initializevariable-LineManagerEmailAddress_Value']}"
              }
            ]
          }
        },
        "Initialize_variable_-_pick_up_date": {
          "runAfter": {
            "Initialize_variable_-_Line_Manager_Email_Address": [
              "Succeeded"
            ]
          },
          "metadata": {
            "operationMetadataId": "d03f806f-7fb7-45cb-9c63-be75581da9c6"
          },
          "type": "InitializeVariable",
          "inputs": {
            "variables": [
              {
                "name": "Pick_up_date",
                "type": "string",
                "value": "@{triggerBody()['Initializevariable-pickupdate_Value']}"
              }
            ]
          }
        },
        "Initialize_variable_-_pick_up_time": {
          "runAfter": {
            "Initialize_variable_-_pick_up_date": [
              "Succeeded"
            ]
          },
          "metadata": {
            "operationMetadataId": "d04eab7c-3788-4279-9cbc-582d84b4077d"
          },
          "type": "InitializeVariable",
          "inputs": {
            "variables": [
              {
                "name": "Pick_up_time",
                "type": "string",
                "value": "@{triggerBody()['Initializevariable-pickuptime_Value']}"
              }
            ]
          }
        },
        "Initialize_variable_-_drop_off_location": {
          "runAfter": {
            "Initialize_variable_-_pick_up_time": [
              "Succeeded"
            ]
          },
          "metadata": {
            "operationMetadataId": "8ba4cb60-519c-46d5-90f4-737c9bdfc4eb"
          },
          "type": "InitializeVariable",
          "inputs": {
            "variables": [
              {
                "name": "Drop_off_location",
                "type": "string",
                "value": "@{triggerBody()['Initializevariable-dropofflocation_Value']}"
              }
            ]
          }
        },
        "Initialize_variable_-_reason_for_trip": {
          "runAfter": {
            "Initialize_variable_-_drop_off_location": [
              "Succeeded"
            ]
          },
          "metadata": {
            "operationMetadataId": "fd1e82b8-7867-4b3b-851a-1f34cfccaccd"
          },
          "type": "InitializeVariable",
          "inputs": {
            "variables": [
              {
                "name": "Reason_for_trip",
                "type": "string",
                "value": "@{triggerBody()['Initializevariable-reasonfortrip_Value']}"
              }
            ]
          }
        },
        "Create_item": {
          "runAfter": {
            "Request_time": [
              "Succeeded"
            ]
          },
          "metadata": {
            "operationMetadataId": "5c44fb34-11c8-473c-9ca2-7f0d97a94d68"
          },
          "type": "OpenApiConnection",
          "inputs": {
            "host": {
              "connectionName": "shared_sharepointonline",
              "operationId": "PostItem",
              "apiId": "/providers/Microsoft.PowerApps/apis/shared_sharepointonline"
            },
            "parameters": {
              "dataset": "@parameters('TSL Estate Team (cinsight_TSLEstateTeam)')",
              "table": "@parameters('New Trip Request (cinsight_NewTripRequest)')",
              "item/Title": "@variables('Line_Manager_Email')",
              "item/LastName": "@variables('full_name')",
              "item/Department/Value": "@variables('Department')",
              "item/Company/Value": "@variables('Company')",
              "item/EmailAddress": "@variables('Email_address')",
              "item/TripType/Value": "@variables('Trip_type')",
              "item/ExtraPassenger": "@variables('Extra_passenger')",
              "item/Namesofpassengersexcludingpilot": "@variables('Names_of_passengers')",
              "item/Totalnumberofpassengers": "@variables('Number_of_passengers')",
              "item/Asset/Value": "@variables('Vehicle_type')",
              "item/PickupLocation": "@variables('Pick_up_location')",
              "item/Dropofflocation": "@variables('Drop_off_location')",
              "item/PickupDate": "@variables('Pick_up_date')",
              "item/PickupTime": "@variables('Pick_up_time')",
              "item/Line_x0020_Manager/Claims": "@variables('Line_Manager_Email')"
            },
            "authentication": {
              "type": "Raw",
              "value": "@json(decodeBase64(triggerOutputs().headers['X-MS-APIM-Tokens']))['$ConnectionKey']"
            }
          }
        },
        "New_Trip_Request": {
          "runAfter": {
            "Create_item": [
              "Failed"
            ]
          },
          "metadata": {
            "operationMetadataId": "421a45a3-bb6c-4adf-a0a8-8aed86ccf417"
          },
          "type": "Compose",
          "inputs": "Dear, Team.\n\nThis is to notify you that a new trip request has failed. Please find the details of the request below:\n\nFull Name: @{variables('full_name')}.\n\nEmail Address: @{variables('Email_address')}.\n\nCompany: @{variables('Company')}.\n\nDepartment: @{variables('Department')}.\n\nTrip Type: @{variables('Trip_type')}.\n\nPick-up Date: @{variables('Pick_up_date')}.\n\nPick-up Time: @{variables('Pick_up_time')}.\n\nPick-up Location: @{variables('Pick_up_location')}.\n\nDrop off location: @{variables('Drop_off_location')}.\n\nVehicle type: @{variables('Vehicle_type')}.\n\nNumber of passengers: @{variables('Number_of_passengers')}.\n\nLine Manager's Email Address: @{variables('Line_Manager_Email')}.\n\nRequest Time: @{formatDateTime(utcNow(), 'yyyy-MM-dd HH:mm:ss')}.\n\nNote: Please ensure that the email address of the line manager is valid. Otherwise, this step will fail. If you are reading this message, it indicates that the request failed to save in SharePoint. In such a case, kindly reach out to the requester to confirm the details and request them to create a new trip request using accurate and valid data.\n"
        },
        "Notify_requester": {
          "runAfter": {
            "New_Trip_Request": [
              "Succeeded"
            ]
          },
          "metadata": {
            "operationMetadataId": "8cbc4b42-2c1a-4165-987f-c33f72e75775"
          },
          "type": "OpenApiConnection",
          "inputs": {
            "host": {
              "connectionName": "shared_office365_1",
              "operationId": "SendEmailV2",
              "apiId": "/providers/Microsoft.PowerApps/apis/shared_office365"
            },
            "parameters": {
              "emailMessage/To": "@variables('Email_address')",
              "emailMessage/Subject": "Failed Request: New Trip Request",
              "emailMessage/Body": "<p>Dear, @{variables('full_name')}.<br>\n<br>\nWe regret to inform you that the new trip request you submitted has encountered an unfortunate setback. Kindly reach out to the facility management team.<br>\n<br>\nPlease ensure that the email address of the HRBP/HOD/line manager is valid.<br>\n<br>\nHOD/HRBP/Line manager's email address: @{variables('Line_Manager_Email')}.<br>\n<br>\n<br>\nRegards,<br>\n<br>\nTSL Estate.</p>",
              "emailMessage/Importance": "Normal"
            },
            "authentication": {
              "type": "Raw",
              "value": "@json(decodeBase64(triggerOutputs().headers['X-MS-APIM-Tokens']))['$ConnectionKey']"
            }
          }
        },
        "Notify_Team": {
          "runAfter": {
            "New_Trip_Request": [
              "Succeeded"
            ]
          },
          "metadata": {
            "operationMetadataId": "acdcf40a-1da5-4635-b57c-5449281970cc"
          },
          "type": "OpenApiConnection",
          "inputs": {
            "host": {
              "connectionName": "shared_office365_1",
              "operationId": "SendEmailV2",
              "apiId": "/providers/Microsoft.PowerApps/apis/shared_office365"
            },
            "parameters": {
              "emailMessage/To": "aoseragbaje@tsllimited.com;iosoria@tsllimited.com;cmadubuike@tsllimited.com;cibekwe@tsllimited.com;TSLEstateTeam@tsllimited.com",
              "emailMessage/Subject": "Failed Request: New Trip Request",
              "emailMessage/Body": "<p>Dear, Team.<br>\n<br>\nThis is to notify you that a new trip request has failed. Please find the details of the request below:<br>\n<br>\nFull Name: @{variables('full_name')}.<br>\n<br>\nEmail Address: @{variables('Email_address')}.<br>\n<br>\nCompany: @{variables('Company')}.<br>\n<br>\nDepartment: @{variables('Department')}.<br>\n<br>\nTrip Type: @{variables('Trip_type')}.<br>\n<br>\nPick-up Date: @{variables('Pick_up_date')}.<br>\n<br>\nPick-up Time: @{variables('Pick_up_time')}.<br>\n<br>\nPick-up Location: @{variables('Pick_up_location')}.<br>\n<br>\nDrop off location: @{variables('Drop_off_location')}.<br>\n<br>\nVehicle type: @{variables('Vehicle_type')}.<br>\n<br>\nNumber of passengers: @{variables('Number_of_passengers')}.<br>\n<br>\nHOD/HRBP/Line Manager's Email Address: @{variables('Line_Manager_Email')}.<br>\n<br>\nRequest Time: @{variables('requestTime')},.<br>\n<br>\n<br>\n<br>\nNote: Please ensure that the email address of the line manager is valid. Otherwise, this step will fail. If you are reading this message, it indicates that the request failed to save in SharePoint. In such a case, kindly reach out to the requester to confirm the details and request them to create a new trip request using accurate and valid data.<br>\n<br>\nFind the link to the flow: <br>\n<br>\nhttps://make.powerautomate.com/environments/Default-9cfc061d-de6e-4c54-87bd-1e019be81db0/solutions/fd140aaf-4df4-11dd-bd17-0019b9312238/flows/ec124e08-633d-44e5-af34-f81593b4e732 <br>\n<br>\n<br>\n<br>\nRegards,<br>\n<br>\nTSL Estate.</p>",
              "emailMessage/Cc": "heze@tsllimited.com",
              "emailMessage/Importance": "Normal"
            },
            "authentication": {
              "type": "Raw",
              "value": "@json(decodeBase64(triggerOutputs().headers['X-MS-APIM-Tokens']))['$ConnectionKey']"
            }
          }
        },
        "Request_time": {
          "runAfter": {
            "Initialize_variable_-_reason_for_trip": [
              "Succeeded"
            ]
          },
          "metadata": {
            "operationMetadataId": "e87e4135-25b8-435d-ac57-ca0ff2ed12e0"
          },
          "type": "InitializeVariable",
          "inputs": {
            "variables": [
              {
                "name": "requestTime",
                "type": "string",
                "value": "@{formatDateTime(utcNow(), 'yyyy-MM-dd HH:mm:ss')}"
              }
            ]
          }
        },
        "Terminate_2": {
          "runAfter": {
            "Notify_requester": [
              "Skipped"
            ],
            "Notify_Team": [
              "Succeeded"
            ]
          },
          "metadata": {
            "operationMetadataId": "60372d89-6e9c-47ac-91c8-50b88bb85f58"
          },
          "type": "Terminate",
          "inputs": {
            "runStatus": "Succeeded"
          }
        }
      }
    },
    "templateName": ""
  },
  "schemaVersion": "1.0.0.0"
}