{
  "properties": {
    "connectionReferences": {
      "shared_sharepointonline_1": {
        "runtimeSource": "invoker",
        "connection": {
          "connectionReferenceLogicalName": "cinsight_sharedsharepointonline_fb3fb"
        },
        "api": {
          "name": "shared_sharepointonline"
        }
      },
      "shared_office365_1": {
        "runtimeSource": "invoker",
        "connection": {
          "connectionReferenceLogicalName": "new_sharedoffice365_03a01"
        },
        "api": {
          "name": "shared_office365"
        }
      }
    },
    "definition": {
      "$schema": "https://schema.management.azure.com/providers/Microsoft.Logic/schemas/2016-06-01/workflowdefinition.json#",
      "contentVersion": "1.0.0.0",
      "parameters": {
        "$connections": {
          "defaultValue": {},
          "type": "Object"
        },
        "$authentication": {
          "defaultValue": {},
          "type": "SecureObject"
        },
        "TSL Estate Team (cinsight_TSLEstateTeam)": {
          "defaultValue": "https://tsltransport.sharepoint.com/sites/TSLEstateTeam",
          "type": "String",
          "metadata": {
            "schemaName": "cinsight_TSLEstateTeam",
            "description": "This environment variable serves as the data source for Estate Manager "
          }
        },
        "Trip Extension Request (cinsight_TripExtensionRequest)": {
          "defaultValue": "bc841195-39b1-4f6e-b983-93778c7b46ce",
          "type": "String",
          "metadata": {
            "schemaName": "cinsight_TripExtensionRequest",
            "description": "This environmental variable is for Estate Manager to manage trip extension requests"
          }
        },
        "New Trip Request (cinsight_NewTripRequest)": {
          "defaultValue": "eab6a1b8-e848-4005-95d8-d0f36fa6f102",
          "type": "String",
          "metadata": {
            "schemaName": "cinsight_NewTripRequest",
            "description": "This environmental variable is for Estate Manager to manage new trip requests"
          }
        }
      },
      "triggers": {
        "manual": {
          "metadata": {
            "operationMetadataId": "0596e31b-d4d2-44a6-9331-85188b9f93a7"
          },
          "type": "Request",
          "kind": "PowerApp",
          "inputs": {
            "schema": {
              "type": "object",
              "properties": {
                "Initializevariable-TripID_Value": {
                  "type": "string",
                  "description": "Enter initial value",
                  "x-ms-powerflows-param-ispartial": false
                },
                "Initializevariable-Email_Value": {
                  "type": "string",
                  "description": "Enter initial value",
                  "x-ms-powerflows-param-ispartial": false
                },
                "Initializevariable-TripDetails_Value": {
                  "type": "string",
                  "description": "Enter initial value",
                  "x-ms-powerflows-param-ispartial": false
                },
                "Initializevariable-Name_Value": {
                  "type": "string",
                  "description": "Enter initial value",
                  "x-ms-powerflows-param-ispartial": false
                }
              },
              "required": [
                "Initializevariable-TripID_Value",
                "Initializevariable-Email_Value",
                "Initializevariable-TripDetails_Value",
                "Initializevariable-Name_Value"
              ]
            }
          }
        }
      },
      "actions": {
        "Initialize_variable_-_Trip_ID": {
          "runAfter": {},
          "metadata": {
            "operationMetadataId": "3e73032d-1860-4e94-8abe-643172ae269f"
          },
          "type": "InitializeVariable",
          "inputs": {
            "variables": [
              {
                "name": "Trip_ID",
                "type": "string",
                "value": "@{triggerBody()['Initializevariable-TripID_Value']}"
              }
            ]
          }
        },
        "Initialize_variable_-_Email": {
          "runAfter": {
            "Initialize_variable_-_Trip_ID": [
              "Succeeded"
            ]
          },
          "metadata": {
            "operationMetadataId": "9243bb1c-2c11-4604-b205-c4c265e27eb2"
          },
          "type": "InitializeVariable",
          "inputs": {
            "variables": [
              {
                "name": "Email",
                "type": "string",
                "value": "@{triggerBody()['Initializevariable-Email_Value']}"
              }
            ]
          }
        },
        "Initialize_variable_-_Trip_Details": {
          "runAfter": {
            "Initialize_variable-Name": [
              "Succeeded"
            ]
          },
          "metadata": {
            "operationMetadataId": "f0129eb6-56cd-40fe-9cfc-e869de7efc3c"
          },
          "type": "InitializeVariable",
          "inputs": {
            "variables": [
              {
                "name": "Trip_Details",
                "type": "string",
                "value": "@{triggerBody()['Initializevariable-TripDetails_Value']}"
              }
            ]
          }
        },
        "Create_item": {
          "runAfter": {
            "Initialize_variable_-_Trip_Details": [
              "Succeeded"
            ]
          },
          "metadata": {
            "operationMetadataId": "95c31988-2a07-4a85-8818-fad17dc2294e"
          },
          "type": "OpenApiConnection",
          "inputs": {
            "host": {
              "connectionName": "shared_sharepointonline_1",
              "operationId": "PostItem",
              "apiId": "/providers/Microsoft.PowerApps/apis/shared_sharepointonline"
            },
            "parameters": {
              "dataset": "@parameters('TSL Estate Team (cinsight_TSLEstateTeam)')",
              "table": "@parameters('Trip Extension Request (cinsight_TripExtensionRequest)')",
              "item/Title": "@variables('Email')",
              "item/NewTripRequestID": "@variables('Trip_ID')",
              "item/Full_x0020_Name": "@variables('Full_Name')",
              "item/Trip_x0020_Details": "@variables('Trip_Details')"
            },
            "authentication": {
              "type": "Raw",
              "value": "@json(decodeBase64(triggerOutputs().headers['X-MS-APIM-Tokens']))['$ConnectionKey']"
            }
          }
        },
        "Initialize_variable-Name": {
          "runAfter": {
            "Initialize_variable_-_Email": [
              "Succeeded"
            ]
          },
          "metadata": {
            "operationMetadataId": "57ac90c4-656e-4271-95ca-ee749f6a623e"
          },
          "type": "InitializeVariable",
          "inputs": {
            "variables": [
              {
                "name": "Full_Name",
                "type": "string",
                "value": "@{triggerBody()['Initializevariable-Name_Value']}"
              }
            ]
          }
        },
        "Get_items": {
          "runAfter": {
            "Create_item": [
              "Succeeded"
            ]
          },
          "metadata": {
            "operationMetadataId": "26ba6c7a-eb5c-44d5-9b08-c63bde725d84"
          },
          "type": "OpenApiConnection",
          "inputs": {
            "host": {
              "connectionName": "shared_sharepointonline_1",
              "operationId": "GetItems",
              "apiId": "/providers/Microsoft.PowerApps/apis/shared_sharepointonline"
            },
            "parameters": {
              "dataset": "@parameters('TSL Estate Team (cinsight_TSLEstateTeam)')",
              "table": "@parameters('New Trip Request (cinsight_NewTripRequest)')"
            },
            "authentication": {
              "type": "Raw",
              "value": "@json(decodeBase64(triggerOutputs().headers['X-MS-APIM-Tokens']))['$ConnectionKey']"
            }
          }
        },
        "Apply_to_each_2": {
          "foreach": "@outputs('Get_items')?['body/value']",
          "actions": {
            "Set_variable": {
              "runAfter": {},
              "metadata": {
                "operationMetadataId": "27ccf6b1-3ca9-407d-88b0-b02df5067645"
              },
              "type": "SetVariable",
              "inputs": {
                "name": "ID",
                "value": "@items('Apply_to_each_2')?['Trip_x0020_Request_x0020_ID']"
              }
            },
            "Condition_2": {
              "actions": {
                "Set_variable_2": {
                  "runAfter": {},
                  "metadata": {
                    "operationMetadataId": "8e82ad1a-fead-4c35-a791-032277cae813"
                  },
                  "type": "SetVariable",
                  "inputs": {
                    "name": "SharePoint",
                    "value": "@{items('Apply_to_each_2')?['ID']}"
                  }
                },
                "Update_item": {
                  "runAfter": {
                    "Set_variable_2": [
                      "Succeeded"
                    ]
                  },
                  "metadata": {
                    "operationMetadataId": "f388aad2-9870-49e3-ac2d-f9e8f7e982bb"
                  },
                  "type": "OpenApiConnection",
                  "inputs": {
                    "host": {
                      "connectionName": "shared_sharepointonline_1",
                      "operationId": "PatchItem",
                      "apiId": "/providers/Microsoft.PowerApps/apis/shared_sharepointonline"
                    },
                    "parameters": {
                      "dataset": "@parameters('TSL Estate Team (cinsight_TSLEstateTeam)')",
                      "table": "@parameters('Trip Extension Request (cinsight_TripExtensionRequest)')",
                      "id": "@outputs('Create_item')?['body/ID']",
                      "item/Line_x0020_Manager/Claims": "@items('Apply_to_each_2')?['Line_x0020_Manager/DisplayName']",
                      "item/Status/Value": "Pending"
                    },
                    "authentication": {
                      "type": "Raw",
                      "value": "@json(decodeBase64(triggerOutputs().headers['X-MS-APIM-Tokens']))['$ConnectionKey']"
                    }
                  }
                },
                "Send_an_email_(V2)": {
                  "runAfter": {
                    "Update_item": [
                      "Failed"
                    ]
                  },
                  "metadata": {
                    "operationMetadataId": "80607ef1-9fed-4412-98cd-69c796aa4af9"
                  },
                  "type": "OpenApiConnection",
                  "inputs": {
                    "host": {
                      "connectionName": "shared_office365_1",
                      "operationId": "SendEmailV2",
                      "apiId": "/providers/Microsoft.PowerApps/apis/shared_office365"
                    },
                    "parameters": {
                      "emailMessage/To": "cmadubuike@tsllimited.com;aoseragbaje@tsllimited.com;TSLEstateTeam@tsllimited.com;cibekwe@tsllimited.com;conimoe@tsllimited.com",
                      "emailMessage/Subject": "Failed Trip Extension Request",
                      "emailMessage/Body": "<p>Hello, Team.<br>\n<br>\nA trip extension request was created but failed to update the record on the database.<br>\n<br>\n<br>\nTrack the issues using this link:<br>\n<br>\nhttps://make.powerautomate.com/environments/Default-9cfc061d-de6e-4c54-87bd-1e019be81db0/solutions/fd140aaf-4df4-11dd-bd17-0019b9312238/flows/4bce85e4-bcb3-4ba8-b91e-97cdf80e7df1/details<br>\n<br>\n<br>\nRegards,<br>\n<br>\nTSL Estate</p>",
                      "emailMessage/Cc": "heze@tsllimited.com",
                      "emailMessage/Importance": "High"
                    },
                    "authentication": {
                      "type": "Raw",
                      "value": "@json(decodeBase64(triggerOutputs().headers['X-MS-APIM-Tokens']))['$ConnectionKey']"
                    }
                  }
                }
              },
              "runAfter": {
                "Set_variable": [
                  "Succeeded"
                ]
              },
              "expression": {
                "equals": [
                  "@variables('ID')",
                  "@variables('Trip_ID')"
                ]
              },
              "metadata": {
                "operationMetadataId": "551ffff0-87b6-4225-9f14-50c6b8b5fbc0"
              },
              "type": "If"
            }
          },
          "runAfter": {
            "Initialize_variable_-id": [
              "Succeeded"
            ]
          },
          "metadata": {
            "operationMetadataId": "dc56c226-0a1a-4f24-8aa1-98ad1bb195d5"
          },
          "type": "Foreach"
        },
        "Initialize_variable_-id": {
          "runAfter": {
            "Initialize_variable": [
              "Succeeded"
            ]
          },
          "metadata": {
            "operationMetadataId": "34bb1247-23c3-49b8-8c38-08b00eddd8c7"
          },
          "type": "InitializeVariable",
          "inputs": {
            "variables": [
              {
                "name": "ID",
                "type": "string"
              }
            ]
          }
        },
        "Initialize_variable": {
          "runAfter": {
            "Get_items": [
              "Succeeded"
            ]
          },
          "metadata": {
            "operationMetadataId": "1af63cd7-2961-4c4f-9481-7738be1546c3"
          },
          "type": "InitializeVariable",
          "inputs": {
            "variables": [
              {
                "name": "SharePoint",
                "type": "string"
              }
            ]
          }
        }
      }
    },
    "templateName": ""
  },
  "schemaVersion": "1.0.0.0"
}