{
  "properties": {
    "connectionReferences": {
      "shared_office365": {
        "runtimeSource": "embedded",
        "connection": {
          "connectionReferenceLogicalName": "cinsight_sharedoffice365_96c71"
        },
        "api": {
          "name": "shared_office365"
        }
      },
      "shared_sharepointonline": {
        "runtimeSource": "embedded",
        "connection": {
          "connectionReferenceLogicalName": "cinsight_sharedsharepointonline_fb3fb"
        },
        "api": {
          "name": "shared_sharepointonline"
        }
      },
      "shared_office365_2": {
        "runtimeSource": "embedded",
        "connection": {
          "connectionReferenceLogicalName": "cinsight_sharedoffice365_560ed"
        },
        "api": {
          "name": "shared_office365"
        }
      },
      "shared_approvals": {
        "runtimeSource": "embedded",
        "connection": {
          "connectionReferenceLogicalName": "cinsight_sharedapprovals_25f2d"
        },
        "api": {
          "name": "shared_approvals"
        }
      },
      "shared_office365_1": {
        "runtimeSource": "embedded",
        "connection": {
          "connectionReferenceLogicalName": "cinsight_sharedoffice365_96c71"
        },
        "api": {
          "name": "shared_office365"
        }
      }
    },
    "definition": {
      "$schema": "https://schema.management.azure.com/providers/Microsoft.Logic/schemas/2016-06-01/workflowdefinition.json#",
      "contentVersion": "1.0.0.0",
      "parameters": {
        "$connections": {
          "defaultValue": {},
          "type": "Object"
        },
        "$authentication": {
          "defaultValue": {},
          "type": "SecureObject"
        },
        "TSL Estate Team (cinsight_TSLEstateTeam)": {
          "defaultValue": "https://tsltransport.sharepoint.com/sites/TSLEstateTeam",
          "type": "String",
          "metadata": {
            "schemaName": "cinsight_TSLEstateTeam",
            "description": "This environment variable serves as the data source for Estate Manager "
          }
        },
        "Trip Extension Request (cinsight_TripExtensionRequest)": {
          "defaultValue": "bc841195-39b1-4f6e-b983-93778c7b46ce",
          "type": "String",
          "metadata": {
            "schemaName": "cinsight_TripExtensionRequest",
            "description": "This environmental variable is for Estate Manager to manage trip extension requests"
          }
        }
      },
      "triggers": {
        "When_an_item_is_created": {
          "recurrence": {
            "interval": 5,
            "frequency": "Minute"
          },
          "splitOn": "@triggerOutputs()?['body/value']",
          "metadata": {
            "operationMetadataId": "0bec36f7-14a8-42ac-8929-c488885638e1"
          },
          "type": "OpenApiConnection",
          "inputs": {
            "host": {
              "connectionName": "shared_sharepointonline",
              "operationId": "GetOnNewItems",
              "apiId": "/providers/Microsoft.PowerApps/apis/shared_sharepointonline"
            },
            "parameters": {
              "dataset": "@parameters('TSL Estate Team (cinsight_TSLEstateTeam)')",
              "table": "@parameters('Trip Extension Request (cinsight_TripExtensionRequest)')"
            },
            "authentication": "@parameters('$authentication')"
          }
        }
      },
      "actions": {
        "Send_an_email_to_requester": {
          "runAfter": {
            "Trip_Extension_Details-Line_Manager": [
              "Succeeded"
            ]
          },
          "metadata": {
            "operationMetadataId": "037f8f39-7f2e-4bf4-bb97-08bb67b4793a"
          },
          "type": "OpenApiConnection",
          "inputs": {
            "host": {
              "connectionName": "shared_office365",
              "operationId": "SendEmailV2",
              "apiId": "/providers/Microsoft.PowerApps/apis/shared_office365"
            },
            "parameters": {
              "emailMessage/To": "@outputs('Get_item')?['body/Title']",
              "emailMessage/Subject": "Trip Extension Request Created Successfully ",
              "emailMessage/Body": "<p>Dear, <strong>&nbsp;</strong><strong>@{outputs('Get_item')?['body/Full_x0020_Name']}</strong><strong>.</strong><br>\n<br>\nWe are pleased to inform you that your trip extension request has been successfully created and is under review by your line manager.<br>\n<br>\nPlease see below the details of the request:<br>\n<br>\nTrip ID: <strong>@{outputs('Get_item')?['body/NewTripRequestID']}</strong><strong>.</strong><br>\nTrip Details: <strong>@{outputs('Get_item')?['body/Trip_x0020_Details']}</strong><strong>.</strong><br>\nLine Manager: <strong>@{outputs('Get_item')?['body/Line_x0020_Manager/DisplayName']}</strong><strong>.</strong><br>\n<br>\n<br>\nShould you require additional information or have any inquiries, please do not hesitate to reach out to us.<br>\n<br>\nRegards,<br>\n<br>\nTSL Estate.</p>",
              "emailMessage/Importance": "Normal"
            },
            "authentication": "@parameters('$authentication')"
          }
        },
        "Get_item": {
          "runAfter": {},
          "metadata": {
            "operationMetadataId": "1985a3d4-6682-4feb-86c3-4d97e7e96b7c"
          },
          "type": "OpenApiConnection",
          "inputs": {
            "host": {
              "connectionName": "shared_sharepointonline",
              "operationId": "GetItem",
              "apiId": "/providers/Microsoft.PowerApps/apis/shared_sharepointonline"
            },
            "parameters": {
              "dataset": "@parameters('TSL Estate Team (cinsight_TSLEstateTeam)')",
              "table": "@parameters('Trip Extension Request (cinsight_TripExtensionRequest)')",
              "id": "@triggerOutputs()?['body/ID']"
            },
            "authentication": "@parameters('$authentication')"
          }
        },
        "Trip_Extension_Details-Line_Manager": {
          "runAfter": {
            "Get_item": [
              "Succeeded"
            ]
          },
          "metadata": {
            "operationMetadataId": "62f82be0-26bc-43db-b515-da0b0b9b3303"
          },
          "type": "Compose",
          "inputs": "\nHello, @{outputs('Get_item')?['body/Line_x0020_Manager/DisplayName']}.\n\nWe would like to bring an important matter to your attention. @{outputs('Get_item')?['body/Full_x0020_Name']} has submitted a request to extend the trip with ID below. This request requires your approval to be fulfilled.\n\nPlease see below the details of the request:\n\nTrip ID: @{outputs('Get_item')?['body/NewTripRequestID']}.\nTrip Details: @{outputs('Get_item')?['body/Trip_x0020_Details']}.\nLine Manager: @{outputs('Get_item')?['body/Line_x0020_Manager/DisplayName']}.\n\nShould you require additional information or have any inquiries, please do not hesitate to reach out to us. \n\nRegards,\n\nTSL Estate"
        },
        "Condition": {
          "actions": {
            "Inform_requester_of_approval": {
              "runAfter": {},
              "metadata": {
                "operationMetadataId": "20e33dba-8480-48fd-9a7a-727c795d4316"
              },
              "type": "OpenApiConnection",
              "inputs": {
                "host": {
                  "connectionName": "shared_office365_2",
                  "operationId": "SendEmailV2",
                  "apiId": "/providers/Microsoft.PowerApps/apis/shared_office365"
                },
                "parameters": {
                  "emailMessage/To": "@outputs('Get_item')?['body/Title']",
                  "emailMessage/Subject": "Pool Vehicle Trip Extension Request Has Been Approved",
                  "emailMessage/Body": "<p>Hello, <strong>@{outputs('Get_item')?['body/Full_x0020_Name']}</strong><strong>.</strong><br>\n<br>\nWe are pleased to inform you that your trip extension request with trip ID @{outputs('Get_item')?['body/NewTripRequestID']} has been approved by TSL Estate.<br>\n<br>\n<br>\nApproved by: <strong>@{variables('ApproverName')}</strong><strong>.</strong><br>\nApproval Comment: <strong>@{variables('Comment')}</strong><strong>.</strong><br>\n<br>\n<br>\nRegards,<br>\n<br>\nTSL Estate.</p>",
                  "emailMessage/Importance": "Normal"
                },
                "authentication": "@parameters('$authentication')"
              }
            },
            "Update_item_2": {
              "runAfter": {
                "Inform_requester_of_approval": [
                  "Succeeded"
                ]
              },
              "metadata": {
                "operationMetadataId": "b3751fc3-bfd3-4f26-83c3-4194005ba03e"
              },
              "type": "OpenApiConnection",
              "inputs": {
                "host": {
                  "connectionName": "shared_sharepointonline",
                  "operationId": "PatchItem",
                  "apiId": "/providers/Microsoft.PowerApps/apis/shared_sharepointonline"
                },
                "parameters": {
                  "dataset": "@parameters('TSL Estate Team (cinsight_TSLEstateTeam)')",
                  "table": "@parameters('Trip Extension Request (cinsight_TripExtensionRequest)')",
                  "id": "@outputs('Get_item')?['body/ID']",
                  "item/Approved_x0020_By/Claims": "@variables('ApproverName')",
                  "item/Approval_x0020_Comment": "@variables('Comment')",
                  "item/Status/Value": "Approved"
                },
                "authentication": "@parameters('$authentication')"
              }
            }
          },
          "runAfter": {
            "Apply_to_each_2": [
              "Succeeded"
            ]
          },
          "else": {
            "actions": {
              "Inform_requester_of_rejection": {
                "runAfter": {},
                "metadata": {
                  "operationMetadataId": "ec860c3f-4c1b-4440-9e50-d5423392305f"
                },
                "type": "OpenApiConnection",
                "inputs": {
                  "host": {
                    "connectionName": "shared_office365_2",
                    "operationId": "SendEmailV2",
                    "apiId": "/providers/Microsoft.PowerApps/apis/shared_office365"
                  },
                  "parameters": {
                    "emailMessage/To": "@outputs('Get_item')?['body/Title']",
                    "emailMessage/Subject": "Pool Vehicle Trip Extension Request Was Rejected",
                    "emailMessage/Body": "<p>Hello, @{outputs('Get_item')?['body/Full_x0020_Name']}.<br>\n<br>\nWe regret to inform you that your trip extension request with trip ID @{outputs('Get_item')?['body/NewTripRequestID']} was been rejected by TSL Estate.<br>\n<br>\nRejected by: <strong>@{variables('ApproverName')}</strong><strong>.</strong><br>\nHere is why: <strong>@{variables('Comment')}</strong><strong>.</strong><br>\n<br>\n<br>\nRegards,<br>\n<br>\nTSL Estate.</p>",
                    "emailMessage/Importance": "Normal"
                  },
                  "authentication": "@parameters('$authentication')"
                }
              },
              "Update_item": {
                "runAfter": {
                  "Inform_requester_of_rejection": [
                    "Succeeded"
                  ]
                },
                "metadata": {
                  "operationMetadataId": "b3751fc3-bfd3-4f26-83c3-4194005ba03e"
                },
                "type": "OpenApiConnection",
                "inputs": {
                  "host": {
                    "connectionName": "shared_sharepointonline",
                    "operationId": "PatchItem",
                    "apiId": "/providers/Microsoft.PowerApps/apis/shared_sharepointonline"
                  },
                  "parameters": {
                    "dataset": "@parameters('TSL Estate Team (cinsight_TSLEstateTeam)')",
                    "table": "@parameters('Trip Extension Request (cinsight_TripExtensionRequest)')",
                    "id": "@outputs('Get_item')?['body/ID']",
                    "item/Approved_x0020_By/Claims": "@variables('ApproverName')",
                    "item/Approval_x0020_Comment": "@variables('Comment')",
                    "item/Status/Value": "Rejected"
                  },
                  "authentication": "@parameters('$authentication')"
                }
              }
            }
          },
          "expression": {
            "equals": [
              "@outputs('Wait_for_an_approval')?['body/outcome']",
              "Approve"
            ]
          },
          "metadata": {
            "operationMetadataId": "e6676694-2992-4ea4-acf9-15b34f4f449c"
          },
          "type": "If"
        },
        "Create_an_approval_for_team_members": {
          "runAfter": {
            "Send_an_email_to_team_members_after_line_manager's_approval": [
              "Succeeded"
            ]
          },
          "metadata": {
            "operationMetadataId": "1d45fba9-7db1-46a3-b4df-a8c10bcba6de"
          },
          "type": "OpenApiConnection",
          "inputs": {
            "host": {
              "connectionName": "shared_approvals",
              "operationId": "CreateAnApproval",
              "apiId": "/providers/Microsoft.PowerApps/apis/shared_approvals"
            },
            "parameters": {
              "approvalType": "Basic",
              "ApprovalCreationInput/title": "Pool Vehicle Trip Extension Approval Request By @{outputs('Update_database_with_approval_response')?['body/Full_x0020_Name']}",
              "ApprovalCreationInput/assignedTo": "aoseragbaje@tsllimited.com; iosoria@tsllimited.com; cmadubuike@tsllimited.com; cibekwe@tsllimited.com; heze@tsllimited.com;",
              "ApprovalCreationInput/details": "@outputs('Compose_-Approval_details_')",
              "ApprovalCreationInput/requestor": "itadmin@tsllimited.com;",
              "ApprovalCreationInput/enableNotifications": true,
              "ApprovalCreationInput/enableReassignment": true
            },
            "authentication": "@parameters('$authentication')"
          }
        },
        "Wait_for_an_approval": {
          "runAfter": {
            "Initialize_variable_-_Approval_comment": [
              "Succeeded"
            ]
          },
          "metadata": {
            "operationMetadataId": "04e2d798-addf-4656-a29a-bd9c787186e6"
          },
          "type": "OpenApiConnectionWebhook",
          "inputs": {
            "host": {
              "connectionName": "shared_approvals",
              "operationId": "WaitForAnApproval",
              "apiId": "/providers/Microsoft.PowerApps/apis/shared_approvals"
            },
            "parameters": {
              "approvalName": "@outputs('Create_an_approval_for_team_members')?['body/name']"
            },
            "authentication": "@parameters('$authentication')"
          }
        },
        "Initialize_variable_-_Approval_Email": {
          "runAfter": {
            "Create_an_approval_for_team_members": [
              "Succeeded"
            ]
          },
          "metadata": {
            "operationMetadataId": "cfde23e8-2ce3-4c69-abe9-43851e5827b2"
          },
          "type": "InitializeVariable",
          "inputs": {
            "variables": [
              {
                "name": "ApprovalEmail",
                "type": "string"
              }
            ]
          }
        },
        "Initialize_variable_-_Approver": {
          "runAfter": {
            "Initialize_variable_-_Approval_Email": [
              "Succeeded"
            ]
          },
          "metadata": {
            "operationMetadataId": "cfde23e8-2ce3-4c69-abe9-43851e5827b2"
          },
          "type": "InitializeVariable",
          "inputs": {
            "variables": [
              {
                "name": "ApproverName",
                "type": "string"
              }
            ]
          }
        },
        "Initialize_variable_-_Approval_comment": {
          "runAfter": {
            "Initialize_variable_-_Approver": [
              "Succeeded"
            ]
          },
          "metadata": {
            "operationMetadataId": "a0f29446-8caa-4cc6-94bd-3aeb1f8c9f11"
          },
          "type": "InitializeVariable",
          "inputs": {
            "variables": [
              {
                "name": "Comment",
                "type": "string"
              }
            ]
          }
        },
        "Compose": {
          "runAfter": {
            "Terminate": [
              "Succeeded"
            ]
          },
          "metadata": {
            "operationMetadataId": "cf0d56ad-d641-4a58-b9a5-201f1a1b64ff"
          },
          "type": "Compose",
          "inputs": "Create item on respective subsites"
        },
        "Switch": {
          "runAfter": {
            "Compose": [
              "Succeeded"
            ]
          },
          "cases": {
            "Case": {
              "case": "CCOL",
              "actions": {}
            },
            "Case_2": {
              "case": "TSL",
              "actions": {
                "Condition_2": {
                  "actions": {
                    "Create_item_3": {
                      "runAfter": {},
                      "metadata": {
                        "operationMetadataId": "3cefbc2b-d1e7-4d00-8c88-1a2d0a0121f7"
                      },
                      "type": "OpenApiConnection",
                      "inputs": {
                        "host": {
                          "connectionName": "shared_sharepointonline",
                          "operationId": "PostItem",
                          "apiId": "/providers/Microsoft.PowerApps/apis/shared_sharepointonline"
                        },
                        "parameters": {
                          "dataset": "https://tsltransport.sharepoint.com/sites/TSLEstateTeam/tslestatesbackend",
                          "table": "9ec22779-e8e5-454d-baba-d03d492d527b",
                          "item/LastName": "@outputs('Get_item')?['body/LastName']",
                          "item/Department/Value": "@outputs('Update_item_2')?['body/Department/Value']",
                          "item/EmailAddress": "@outputs('Get_item')?['body/EmailAddress']",
                          "item/WorkLocation/Value": "@outputs('Get_item')?['body/WorkLocation/Value']",
                          "item/CategoryofRequest/Value": "@outputs('Get_item')?['body/CategoryofRequest/Value']",
                          "item/RequestDetail": "@outputs('Get_item')?['body/RequestDetail']",
                          "item/Quantity": "@outputs('Get_item')?['body/Quantity']",
                          "item/RequestDate": "@outputs('Get_item')?['body/RequestDate']",
                          "item/PreferredCloseOutDate": "@outputs('Get_item')?['body/PreferredCloseOutDate']",
                          "item/Company/Value": "TSL",
                          "item/Status/Value": "Approved",
                          "item/Approver/Claims": "@variables('ApproverName')",
                          "item/Approval_x0020_Comment": "@variables('Comment')"
                        },
                        "authentication": "@parameters('$authentication')"
                      }
                    }
                  },
                  "runAfter": {},
                  "else": {
                    "actions": {
                      "Create_item": {
                        "runAfter": {},
                        "metadata": {
                          "operationMetadataId": "44599452-1520-4c51-b787-465c1b4c6624"
                        },
                        "type": "OpenApiConnection",
                        "inputs": {
                          "host": {
                            "connectionName": "shared_sharepointonline",
                            "operationId": "PostItem",
                            "apiId": "/providers/Microsoft.PowerApps/apis/shared_sharepointonline"
                          },
                          "parameters": {
                            "dataset": "https://tsltransport.sharepoint.com/sites/TSLEstateTeam/tslestatesbackend",
                            "table": "9ec22779-e8e5-454d-baba-d03d492d527b",
                            "item/LastName": "@outputs('Get_item')?['body/LastName']",
                            "item/Department/Value": "@outputs('Update_item_2')?['body/Department/Value']",
                            "item/EmailAddress": "@outputs('Get_item')?['body/EmailAddress']",
                            "item/WorkLocation/Value": "@outputs('Get_item')?['body/WorkLocation/Value']",
                            "item/CategoryofRequest/Value": "@outputs('Get_item')?['body/CategoryofRequest/Value']",
                            "item/RequestDetail": "@outputs('Get_item')?['body/RequestDetail']",
                            "item/Quantity": "@outputs('Get_item')?['body/Quantity']",
                            "item/RequestDate": "@outputs('Get_item')?['body/RequestDate']",
                            "item/PreferredCloseOutDate": "@outputs('Get_item')?['body/PreferredCloseOutDate']",
                            "item/Company/Value": "TSL",
                            "item/Status/Value": "Rejected",
                            "item/Approver/Claims": "@variables('ApproverName')",
                            "item/Approval_x0020_Comment": "@variables('Comment')"
                          },
                          "authentication": "@parameters('$authentication')"
                        }
                      }
                    }
                  },
                  "expression": {
                    "equals": [
                      "@outputs('Wait_for_an_approval')?['body/outcome']",
                      "Approve"
                    ]
                  },
                  "metadata": {
                    "operationMetadataId": "92d04d2e-b721-4d40-8598-e064b18b8407"
                  },
                  "type": "If"
                }
              }
            },
            "Case_3": {
              "case": "IASL",
              "actions": {}
            },
            "Case_4": {
              "case": "TML",
              "actions": {}
            }
          },
          "default": {
            "actions": {}
          },
          "expression": "@outputs('Get_item')?['body/Company/Value']",
          "metadata": {
            "operationMetadataId": "c4de764a-5c48-4557-8455-324cca5daba4"
          },
          "type": "Switch"
        },
        "Terminate": {
          "runAfter": {
            "Condition": [
              "Succeeded"
            ]
          },
          "metadata": {
            "operationMetadataId": "67cb1b7e-728d-4486-901a-6c0345d6c11e"
          },
          "type": "Terminate",
          "inputs": {
            "runStatus": "Succeeded"
          }
        },
        "Start_and_wait_for_an_approval_-_Line_Manager": {
          "runAfter": {
            "Send_an_email_to_line_manager": [
              "Succeeded"
            ]
          },
          "metadata": {
            "operationMetadataId": "5be74a75-19c8-47dc-a262-e80e47f20d62"
          },
          "type": "OpenApiConnectionWebhook",
          "inputs": {
            "host": {
              "connectionName": "shared_approvals",
              "operationId": "StartAndWaitForAnApproval",
              "apiId": "/providers/Microsoft.PowerApps/apis/shared_approvals"
            },
            "parameters": {
              "approvalType": "Basic",
              "WebhookApprovalCreationInput/title": "Trip Extension Approval Request By @{outputs('Get_item')?['body/Full_x0020_Name']}",
              "WebhookApprovalCreationInput/assignedTo": "@{outputs('Get_item')?['body/Line_x0020_Manager/Email']}; ",
              "WebhookApprovalCreationInput/details": "@outputs('Trip_Extension_Details-Line_Manager')",
              "WebhookApprovalCreationInput/requestor": "itadmin@tsllimited.com;",
              "WebhookApprovalCreationInput/enableNotifications": true,
              "WebhookApprovalCreationInput/enableReassignment": true
            },
            "authentication": "@parameters('$authentication')"
          }
        },
        "Compose_2": {
          "runAfter": {
            "Initialize_variable_Approval_name": [
              "Succeeded"
            ]
          },
          "metadata": {
            "operationMetadataId": "7f239ffe-c234-4c57-bb27-061049037068"
          },
          "type": "Compose",
          "inputs": "Send request to team"
        },
        "Initialize_variable_-_Line_Manager_Approval_Response": {
          "runAfter": {
            "Initialize_variable_-_Line_Approval_Comment": [
              "Succeeded"
            ]
          },
          "metadata": {
            "operationMetadataId": "b2eb5f71-f0c7-47cb-a72d-5027791f4ac1"
          },
          "type": "InitializeVariable",
          "inputs": {
            "variables": [
              {
                "name": "LineManagerApprovalResponse",
                "type": "string"
              }
            ]
          }
        },
        "Initialize_variable_-_Line_Approval_Comment": {
          "runAfter": {
            "Start_and_wait_for_an_approval_-_Line_Manager": [
              "Succeeded"
            ]
          },
          "metadata": {
            "operationMetadataId": "b2eb5f71-f0c7-47cb-a72d-5027791f4ac1"
          },
          "type": "InitializeVariable",
          "inputs": {
            "variables": [
              {
                "name": "LineManagerApprovalComment",
                "type": "string"
              }
            ]
          }
        },
        "Compose_-Approval_details_": {
          "runAfter": {
            "Apply_to_each": [
              "Succeeded"
            ]
          },
          "metadata": {
            "operationMetadataId": "2343dc9b-74cc-4571-9d73-5a65c4ab94c2"
          },
          "type": "Compose",
          "inputs": "Dear, Team.\n\nThis is to notify you that a trip extension request with trip ID @{outputs('Get_item')?['body/NewTripRequestID']}  was created and it has been approved by the line manager.\n\nKindly approve accordingly.\n\nPlease see the details of the approval request below:\n\nLine Manager/Approver: @{variables('LineManagerName')}.\nApproval Email: @{variables('LineManagerApproverEmail')}.\nApproval Outcome: @{variables('LineManagerApprovalResponse')}.\nApproval Comment: @{variables('LineManagerApprovalComment')}.\n\nRegards,\n\nTSL Estate.\n"
        },
        "Initialize_variable_-_Line_Manager_Approver_email": {
          "runAfter": {
            "Initialize_variable_-_Line_Manager_Approval_Response": [
              "Succeeded"
            ]
          },
          "metadata": {
            "operationMetadataId": "b2eb5f71-f0c7-47cb-a72d-5027791f4ac1"
          },
          "type": "InitializeVariable",
          "inputs": {
            "variables": [
              {
                "name": "LineManagerApproverEmail",
                "type": "string"
              }
            ]
          }
        },
        "Apply_to_each": {
          "foreach": "@outputs('Start_and_wait_for_an_approval_-_Line_Manager')?['body/responses']",
          "actions": {
            "Line_Manager_Approval_Name": {
              "runAfter": {},
              "metadata": {
                "operationMetadataId": "7716ff2e-8660-451f-b219-6a3e245631b8"
              },
              "type": "SetVariable",
              "inputs": {
                "name": "LineManagerName",
                "value": "@items('Apply_to_each')?['responder/displayName']"
              }
            },
            "Line_Manager_Approval_Response": {
              "runAfter": {
                "Line_Manager_Approval_Name": [
                  "Succeeded"
                ]
              },
              "metadata": {
                "operationMetadataId": "a29bc9fa-8c11-4231-8851-71f38bc71db3"
              },
              "type": "SetVariable",
              "inputs": {
                "name": "LineManagerApprovalResponse",
                "value": "@outputs('Start_and_wait_for_an_approval_-_Line_Manager')?['body/outcome']"
              }
            },
            "Line_Manager_Approval_Comment": {
              "runAfter": {
                "Line_Manager_Approval_Response": [
                  "Succeeded"
                ]
              },
              "metadata": {
                "operationMetadataId": "0db5801a-deba-46ef-b902-ed87f8637355"
              },
              "type": "SetVariable",
              "inputs": {
                "name": "LineManagerApprovalComment",
                "value": "@items('Apply_to_each')?['comments']"
              }
            },
            "Line_Manager_Approval_Email": {
              "runAfter": {
                "Line_Manager_Approval_Comment": [
                  "Succeeded"
                ]
              },
              "metadata": {
                "operationMetadataId": "68b0a739-82ad-4b25-81c3-74152540064a"
              },
              "type": "SetVariable",
              "inputs": {
                "name": "LineManagerApproverEmail",
                "value": "@items('Apply_to_each')?['responder/email']"
              }
            }
          },
          "runAfter": {
            "Compose_2": [
              "Succeeded"
            ]
          },
          "metadata": {
            "operationMetadataId": "61b58c16-7b14-4216-aad6-2fd7c62002e6"
          },
          "type": "Foreach"
        },
        "Initialize_variable_Approval_name": {
          "runAfter": {
            "Initialize_variable_-_Line_Manager_Approver_email": [
              "Succeeded"
            ]
          },
          "metadata": {
            "operationMetadataId": "e0314f38-b986-4d8f-a550-ce0b8ea902f9"
          },
          "type": "InitializeVariable",
          "inputs": {
            "variables": [
              {
                "name": "LineManagerName",
                "type": "string"
              }
            ]
          }
        },
        "Condition_-_notify_requester_of_line_manager_Approval_request_responses": {
          "actions": {
            "Update_database_with_approval_response": {
              "runAfter": {
                "Notify_requester_line_manager_approval_outcome__2": [
                  "Succeeded"
                ]
              },
              "metadata": {
                "operationMetadataId": "b3751fc3-bfd3-4f26-83c3-4194005ba03e"
              },
              "type": "OpenApiConnection",
              "inputs": {
                "host": {
                  "connectionName": "shared_sharepointonline",
                  "operationId": "PatchItem",
                  "apiId": "/providers/Microsoft.PowerApps/apis/shared_sharepointonline"
                },
                "parameters": {
                  "dataset": "@parameters('TSL Estate Team (cinsight_TSLEstateTeam)')",
                  "table": "@parameters('Trip Extension Request (cinsight_TripExtensionRequest)')",
                  "id": "@outputs('Get_item')?['body/ID']",
                  "item/Line_x0020_Manager/Claims": "@variables('LineManagerName')",
                  "item/Line_x0020_Manager_x0020_Approva": "@variables('LineManagerApprovalComment')",
                  "item/Line_x0020_Manager_x0020_Approva0": "@variables('LineManagerApprovalResponse')"
                },
                "authentication": "@parameters('$authentication')"
              }
            },
            "Notify_requester_line_manager_approval_outcome__2": {
              "runAfter": {},
              "metadata": {
                "operationMetadataId": "b1507ab3-2acc-4485-9bf8-98ec0dc6e8b9"
              },
              "type": "OpenApiConnection",
              "inputs": {
                "host": {
                  "connectionName": "shared_office365_2",
                  "operationId": "SendEmailV2",
                  "apiId": "/providers/Microsoft.PowerApps/apis/shared_office365"
                },
                "parameters": {
                  "emailMessage/To": "@outputs('Get_item')?['body/Title']",
                  "emailMessage/Subject": "Your Trip Extension Request has been approved",
                  "emailMessage/Body": "<p>Hello, <strong>@{outputs('Get_item')?['body/Full_x0020_Name']}</strong><strong>.</strong><br>\n<br>\nWe are pleased to inform you that your trip extension request with trip ID @{outputs('Get_item')?['body/NewTripRequestID']} has been approved by your line manager.<br>\n<br>\nPlease find the details of the approval request below:<br>\n<br>\nLine Manager: <strong>@{variables('LineManagerName')}</strong><strong>.</strong><br>\nApproval Email Address: <strong>@{variables('LineManagerApproverEmail')}</strong><strong>.</strong><br>\nApproval Outcome: <strong>@{variables('LineManagerApprovalResponse')}</strong><strong>.</strong><br>\nApproval Comment: <strong>@{variables('LineManagerApprovalComment')}</strong><strong>.</strong><br>\n<br>\n<br>\n<br>\nShould you have further inquiries or require additional information, please feel free to reach out to the estate team or line manager.<br>\n<br>\nRegards,<br>\n<br>\nTSL Estate.<br>\n</p>",
                  "emailMessage/Importance": "Normal"
                },
                "authentication": "@parameters('$authentication')"
              }
            }
          },
          "runAfter": {
            "Compose_-Approval_details_": [
              "Succeeded"
            ]
          },
          "else": {
            "actions": {
              "Update_item_3": {
                "runAfter": {
                  "Notify_requester_line_manager_approval_outcome_-_rejection": [
                    "Succeeded"
                  ]
                },
                "metadata": {
                  "operationMetadataId": "b3751fc3-bfd3-4f26-83c3-4194005ba03e"
                },
                "type": "OpenApiConnection",
                "inputs": {
                  "host": {
                    "connectionName": "shared_sharepointonline",
                    "operationId": "PatchItem",
                    "apiId": "/providers/Microsoft.PowerApps/apis/shared_sharepointonline"
                  },
                  "parameters": {
                    "dataset": "@parameters('TSL Estate Team (cinsight_TSLEstateTeam)')",
                    "table": "@parameters('Trip Extension Request (cinsight_TripExtensionRequest)')",
                    "id": "@outputs('Get_item')?['body/ID']",
                    "item/Line_x0020_Manager/Claims": "@variables('LineManagerName')",
                    "item/Line_x0020_Manager_x0020_Approva": "@variables('LineManagerApprovalComment')",
                    "item/Line_x0020_Manager_x0020_Approva0": "@variables('LineManagerApprovalResponse')"
                  },
                  "authentication": "@parameters('$authentication')"
                }
              },
              "Notify_requester_line_manager_approval_outcome_-_rejection": {
                "runAfter": {},
                "metadata": {
                  "operationMetadataId": "b1507ab3-2acc-4485-9bf8-98ec0dc6e8b9"
                },
                "type": "OpenApiConnection",
                "inputs": {
                  "host": {
                    "connectionName": "shared_office365_2",
                    "operationId": "SendEmailV2",
                    "apiId": "/providers/Microsoft.PowerApps/apis/shared_office365"
                  },
                  "parameters": {
                    "emailMessage/To": "@outputs('Get_item')?['body/Title']",
                    "emailMessage/Subject": "Your Trip Extension Request Was Rejected",
                    "emailMessage/Body": "<p>Hello, <strong>@{outputs('Get_item')?['body/Full_x0020_Name']}</strong><strong>.</strong><br>\n<br>\nWe regret to inform you that your trip extension request with trip ID @{outputs('Get_item')?['body/NewTripRequestID']} was rejected by your line manager.<br>\n<br>\n<br>\nPlease find the details of the request below:<br>\n<br>\n<br>\nLine Manager/Approver: <strong>@{variables('LineManagerName')}</strong><strong>.</strong><br>\nApproval Email Address: <strong>@{variables('LineManagerApproverEmail')}</strong><strong>.</strong><br>\nApproval Outcome: <strong>@{variables('LineManagerApprovalResponse')}</strong><strong>.</strong><br>\nApproval Comment: <strong>@{variables('LineManagerApprovalComment')}</strong><strong>.</strong><br>\n<br>\n<br>\n<br>\nShould you have further inquiries or require additional information, please feel free to reach out to the estate team or line manager.<br>\n<br>\nRegards,<br>\nTSL Estate.<br>\n</p>",
                    "emailMessage/Importance": "Normal"
                  },
                  "authentication": "@parameters('$authentication')"
                }
              }
            }
          },
          "expression": {
            "equals": [
              "@outputs('Start_and_wait_for_an_approval_-_Line_Manager')?['body/outcome']",
              "Approve"
            ]
          },
          "metadata": {
            "operationMetadataId": "e6676694-2992-4ea4-acf9-15b34f4f449c"
          },
          "type": "If"
        },
        "Apply_to_each_2": {
          "foreach": "@outputs('Wait_for_an_approval')?['body/responses']",
          "actions": {
            "Responsible_person_approval_comment_": {
              "runAfter": {},
              "metadata": {
                "operationMetadataId": "f3bacd77-1623-469d-bc7c-d548140b90ef"
              },
              "type": "SetVariable",
              "inputs": {
                "name": "Comment",
                "value": "@items('Apply_to_each_2')?['comments']"
              }
            },
            "Set_variable": {
              "runAfter": {
                "Responsible_person_approval_comment_": [
                  "Succeeded"
                ]
              },
              "metadata": {
                "operationMetadataId": "70326fec-475c-427a-b477-7f18e9bb007d"
              },
              "type": "SetVariable",
              "inputs": {
                "name": "ApproverName",
                "value": "@items('Apply_to_each_2')?['responder/displayName']"
              }
            }
          },
          "runAfter": {
            "Wait_for_an_approval": [
              "Succeeded"
            ]
          },
          "metadata": {
            "operationMetadataId": "a70e4452-b24d-4d31-975b-6ff628f31ce8"
          },
          "type": "Foreach"
        },
        "Send_an_email_to_line_manager": {
          "runAfter": {
            "Send_an_email_to_requester": [
              "Succeeded"
            ]
          },
          "metadata": {
            "operationMetadataId": "037f8f39-7f2e-4bf4-bb97-08bb67b4793a"
          },
          "type": "OpenApiConnection",
          "inputs": {
            "host": {
              "connectionName": "shared_office365",
              "operationId": "SendEmailV2",
              "apiId": "/providers/Microsoft.PowerApps/apis/shared_office365"
            },
            "parameters": {
              "emailMessage/To": "@outputs('Get_item')?['body/Line_x0020_Manager/Email']",
              "emailMessage/Subject": "Trip Extension Approval Request Notification",
              "emailMessage/Body": "<p>Dear, <strong>&nbsp;</strong><strong>@{outputs('Get_item')?['body/Line_x0020_Manager/DisplayName']}</strong><strong>.</strong><br>\n<br>\nThis is to inform you that @{outputs('Get_item')?['body/Full_x0020_Name']} raised a request to extend @{outputs('Get_item')?['body/NewTripRequestID']}trip.<br>\n<br>\nAn approval request has been sent to you via Microsoft Teams channel (approvals) and Outlook. Kindly approve the request using either of the services.<br>\n<br>\nPlease see below the details of the request:<br>\n<br>\nTrip ID: <strong></strong><strong>@{outputs('Get_item')?['body/NewTripRequestID']}</strong><strong>.</strong><br>\nTrip Extension Details: <strong></strong><strong>@{outputs('Get_item')?['body/Trip_x0020_Details']}</strong><strong>.</strong><br>\nLine Manager: <strong></strong><strong>@{outputs('Get_item')?['body/Line_x0020_Manager/DisplayName']}</strong><strong>.</strong><br>\n<br>\n<br>\nShould you require additional information or have any inquiries, please do not hesitate to reach out to us.<br>\n<br>\nRegards,<br>\n<br>\nTSL Estate.</p>",
              "emailMessage/Importance": "Normal"
            },
            "authentication": "@parameters('$authentication')"
          }
        },
        "Send_an_email_to_team_members_after_line_manager's_approval": {
          "runAfter": {
            "Condition_-_notify_requester_of_line_manager_Approval_request_responses": [
              "Succeeded"
            ]
          },
          "metadata": {
            "operationMetadataId": "b74a33ac-6918-400a-bb0e-384eaad9855d"
          },
          "type": "OpenApiConnection",
          "inputs": {
            "host": {
              "connectionName": "shared_office365_1",
              "operationId": "SendEmailV2",
              "apiId": "/providers/Microsoft.PowerApps/apis/shared_office365"
            },
            "parameters": {
              "emailMessage/To": "aoseragbaje@tsllimited.com;iosoria@tsllimited.com;cmadubuike@tsllimited.com;cibekwe@tsllimited.com;TSLEstateTeam@tsllimited.com",
              "emailMessage/Subject": "Trip Extension Request by @{outputs('Get_item')?['body/Full_x0020_Name']} -: @{outputs('Get_item')?['body/NewTripRequestID']}",
              "emailMessage/Body": "<p>Hello, Team.<br>\n<br>\nThis is to notify you that&nbsp;<strong></strong><strong>@{outputs('Get_item')?['body/Full_x0020_Name']}</strong><strong></strong> has successfully created a new trip extension request and it has been approved by his/her line manager.<br>\n<br>\nKindly approve accordingly via Outlook or Microsoft Teams channel (approvals).<br>\n<br>\nPlease see below the details of the request:<br>\n<br>\nLine Manager/Approver: <strong>@{variables('LineManagerName')}</strong><strong>.</strong><br>\nApproval Email: <strong>@{variables('LineManagerApproverEmail')}</strong><strong>.</strong><br>\nApproval Outcome: <strong>@{variables('LineManagerApprovalResponse')}</strong><strong>.</strong><br>\nApproval Comment: <strong>@{variables('LineManagerApprovalComment')}</strong><strong>.</strong><br>\n<br>\nRegards,<br>\n<br>\nTSL Estate.</p>",
              "emailMessage/Importance": "Normal"
            },
            "authentication": "@parameters('$authentication')"
          }
        }
      }
    },
    "templateName": ""
  },
  "schemaVersion": "1.0.0.0"
}